source_id,platform,title,author,url,created_at,score,comment_count,topic,read_status,comments_loaded,comments_total,evidence_path,notes,source_type,subreddit,access_time_utc,access_time_singapore,upvote_ratio,bytes_observed,sha256
reddit_native_search_01,Reddit,Reddit search: Biohub - Cell Tracking During Development,,https://www.reddit.com/search/?q=Biohub+-+Cell+Tracking+During+Development,,,,Observed 7 result cards. 未见直接相关主题。,FULL_PAGE_BODY_READ,,,research/20260903_BIOHUB_CELL_PUBLIC_RECON_V01/staging/community_history_data/evidence/browser_reddit_science_history_reads.jsonl,Reddit/community claims are non-authoritative; dynamic scores may change.,search_results,,2026-09-03T08:11:15.336Z,2026-09-03T16:11:15.336000+08:00,,4187,89c896e8b749e7d772e42a101479f0be631898671bacd23bea03808add7b8a80
reddit_native_search_02,Reddit,Reddit search: biohub-cell-tracking-during-development,,https://www.reddit.com/search/?q=biohub-cell-tracking-during-development,,,,Observed 7 result cards. 未见直接相关主题。,FULL_PAGE_BODY_READ,,,research/20260903_BIOHUB_CELL_PUBLIC_RECON_V01/staging/community_history_data/evidence/browser_reddit_science_history_reads.jsonl,Reddit/community claims are non-authoritative; dynamic scores may change.,search_results,,2026-09-03T08:11:19.122Z,2026-09-03T16:11:19.122000+08:00,,4822,ebbda1f5b863530bb0e22a308ad9d1e1d8417c974dbb2cec2d4305f6e3a59998
reddit_native_search_03,Reddit,Reddit search: Biohub cell tracking Kaggle,,https://www.reddit.com/search/?q=Biohub+cell+tracking+Kaggle,,,,Observed 7 result cards. 命中一条当前比赛提交延迟主题。,FULL_PAGE_BODY_READ,,,research/20260903_BIOHUB_CELL_PUBLIC_RECON_V01/staging/community_history_data/evidence/browser_reddit_science_history_reads.jsonl,Reddit/community claims are non-authoritative; dynamic scores may change.,search_results,,2026-09-03T08:11:22.903Z,2026-09-03T16:11:22.903000+08:00,,4413,3ddd6d07de2ba0d30f7a0d398aa6946432616d281d8f5c54e58e5c63fda1c817
reddit_native_search_04,Reddit,Reddit search: zebrafish tracking Kaggle,,https://www.reddit.com/search/?q=zebrafish+tracking+Kaggle,,,,Observed 7 result cards. 未见当前比赛直接命中。,FULL_PAGE_BODY_READ,,,research/20260903_BIOHUB_CELL_PUBLIC_RECON_V01/staging/community_history_data/evidence/browser_reddit_science_history_reads.jsonl,Reddit/community claims are non-authoritative; dynamic scores may change.,search_results,,2026-09-03T08:11:26.727Z,2026-09-03T16:11:26.727000+08:00,,3645,c9b8adaf9971095ee48475f0410f353c9bdac86c9119a8a3545ef83115b62b50
reddit_native_search_05,Reddit,Reddit search: 3D microscopy Kaggle,,https://www.reddit.com/search/?q=3D+microscopy+Kaggle,,,,Observed 7 result cards. 出现通用 3D 显微相关讨论。,FULL_PAGE_BODY_READ,,,research/20260903_BIOHUB_CELL_PUBLIC_RECON_V01/staging/community_history_data/evidence/browser_reddit_science_history_reads.jsonl,Reddit/community claims are non-authoritative; dynamic scores may change.,search_results,,2026-09-03T08:11:30.548Z,2026-09-03T16:11:30.548000+08:00,,5495,8043b5d9e0c6e1ba8685735cd4059d238574823e1698acaae3c62d732a7cd31a
reddit_native_search_06,Reddit,Reddit search: GEFF cell tracking,,https://www.reddit.com/search/?q=GEFF+cell+tracking,,,,Observed 7 result cards. 结果为噪声或缩写误命中。,FULL_PAGE_BODY_READ,,,research/20260903_BIOHUB_CELL_PUBLIC_RECON_V01/staging/community_history_data/evidence/browser_reddit_science_history_reads.jsonl,Reddit/community claims are non-authoritative; dynamic scores may change.,search_results,,2026-09-03T08:11:34.453Z,2026-09-03T16:11:34.453000+08:00,,4456,18f53f122dbf1be1f66ecfa03c02258ec5917b6309a613427586a698a909705c
reddit_native_search_07,Reddit,Reddit search: Ultrack Kaggle,,https://www.reddit.com/search/?q=Ultrack+Kaggle,,,,Observed 7 result cards. 未见直接相关主题。,FULL_PAGE_BODY_READ,,,research/20260903_BIOHUB_CELL_PUBLIC_RECON_V01/staging/community_history_data/evidence/browser_reddit_science_history_reads.jsonl,Reddit/community claims are non-authoritative; dynamic scores may change.,search_results,,2026-09-03T08:11:38.873Z,2026-09-03T16:11:38.873000+08:00,,4091,1715271d42c24a7398cd82e065bc69ecad99cf5804b05d4bd105573ef656314d
reddit_native_search_08,Reddit,Reddit search: cell lineage competition,,https://www.reddit.com/search/?q=cell+lineage+competition,,,,Observed 7 result cards. 未见当前图像谱系比赛直接命中。,FULL_PAGE_BODY_READ,,,research/20260903_BIOHUB_CELL_PUBLIC_RECON_V01/staging/community_history_data/evidence/browser_reddit_science_history_reads.jsonl,Reddit/community claims are non-authoritative; dynamic scores may change.,search_results,,2026-09-03T08:11:42.680Z,2026-09-03T16:11:42.680000+08:00,,3775,8d1bdf58a5b88b8f6d8c047176d475a64bc0dfc6f55b5e4141761b6c1bfc4ead
reddit_biohub_submission_issue,Reddit,Kaggle competition biohub submission issue,MaleficentPass7124,https://www.reddit.com/r/kaggle/comments/1vprsb7/kaggle_competition_biohub_submission_issue/,2026-08-16T08:40:12.420000+00:00,5,0,参赛者报告提交保存或评分可能延迟近一天；仅为社区经历，未获官方确认。,FULL_THREAD_READ,0,0,research/20260903_BIOHUB_CELL_PUBLIC_RECON_V01/staging/community_history_data/evidence/browser_reddit_science_history_reads.jsonl,Reddit/community claims are non-authoritative; dynamic scores may change.,thread,r/kaggle,2026-09-03T08:14:45.294Z,2026-09-03T16:14:45.294000+08:00,1.0,1426,d78a08bcdf46c501473e2a6fed53224d5daae918e638170da074f050a00b9107
reddit_imagej_ctc_help,Reddit,Where can I find solutions for cell track challenge,Dexis_9,https://www.reddit.com/r/ImageJ/comments/1jv5oy8/where_can_i_find_solutions_for_cell_track/,2025-04-09T13:24:03.431000+00:00,2,12,用户称 TrackMate DoG/LoG 与 Simple LAP 效果不佳；回复建议调节 gap closing。页面仍显示更多回复。,PARTIAL_THREAD_READ,12,12,research/20260903_BIOHUB_CELL_PUBLIC_RECON_V01/staging/community_history_data/evidence/browser_reddit_science_history_reads.jsonl,Reddit/community claims are non-authoritative; dynamic scores may change.,thread,r/ImageJ,2026-09-03T08:14:49.843Z,2026-09-03T16:14:49.843000+08:00,1.0,5241,6a85d1c44679c347bcc4d75eda60c7c68c06f616e1a5487ba2bfad395b8e0072
reddit_3d_yolo_microscopy,Reddit,Is there a 3D version of YOLO for microscopy images,SIBCW96,https://www.reddit.com/r/deeplearning/comments/m2nyyp/is_there_a_3d_version_of_yolo_that_can_take_as/,2021-03-11T11:19:34.799000+00:00,5,7,评论提出 2.5D/CellProfiler 等替代思路，并质疑通用 YOLO 是否合适；均为社区建议。,FULL_THREAD_READ,7,7,research/20260903_BIOHUB_CELL_PUBLIC_RECON_V01/staging/community_history_data/evidence/browser_reddit_science_history_reads.jsonl,Reddit/community claims are non-authoritative; dynamic scores may change.,thread,r/deeplearning,2026-09-03T08:14:53.888Z,2026-09-03T16:14:53.888000+08:00,0.8571428571,3398,5c10c97b4c19ae88bafaa8d6d7348b9554e8c1366587b07454289198683bfc2b
reddit_cell_segmentation_industry,Reddit,How common is cell segmentation and tracking in industry,fluffyofblobs,https://www.reddit.com/r/bioinformatics/comments/18kwaiu/how_common_is_cell_segmentation_and_tracking_in/,2023-12-18T01:00:17.373000+00:00,5,7,讨论提到自发荧光和 DAPI 图像质量等实践痛点；不能当作比赛事实。,FULL_THREAD_READ,7,7,research/20260903_BIOHUB_CELL_PUBLIC_RECON_V01/staging/community_history_data/evidence/browser_reddit_science_history_reads.jsonl,Reddit/community claims are non-authoritative; dynamic scores may change.,thread,r/bioinformatics,2026-09-03T08:15:01.053Z,2026-09-03T16:15:01.053000+08:00,1.0,6823,838f4f3f858891dd00474ce229ccbdc926f6aeac4e5de9b2a729c7ff93a37456
reddit_fish_3d_tracking,Reddit,3D tracking for laboratory fish tanks,shankharan,https://www.reddit.com/r/labrats/comments/t9bdox/3d_tracking_for_laboratory_fish_tanks_behavior/,2022-03-08T07:24:46.893000+00:00,3,1,关于鱼缸中鱼类行为 3D 跟踪的低相关讨论，不涉及胚胎细胞谱系。,FULL_THREAD_READ,1,1,research/20260903_BIOHUB_CELL_PUBLIC_RECON_V01/staging/community_history_data/evidence/browser_reddit_science_history_reads.jsonl,Reddit/community claims are non-authoritative; dynamic scores may change.,thread,r/labrats,2026-09-03T08:15:05.278Z,2026-09-03T16:15:05.278000+08:00,1.0,2632,863d5e0759e58c90f18cc224f70e5f4b9c0461f025971acde4f466af0e0c7f73
reddit_celllocator,Reddit,CellLocator open-source tool for live-cell imaging,MichaelVorndran,https://www.reddit.com/r/bioinformatics/comments/1h52fmj/celllocator_an_opensource_tool_for_unlocking/,2024-12-02T18:49:46.009000+00:00,2,1,作者介绍 CellLocator；缺少独立复核，不能据此认定效果或可迁移性。,FULL_THREAD_READ,1,1,research/20260903_BIOHUB_CELL_PUBLIC_RECON_V01/staging/community_history_data/evidence/browser_reddit_science_history_reads.jsonl,Reddit/community claims are non-authoritative; dynamic scores may change.,thread,r/bioinformatics,2026-09-03T08:15:09.550Z,2026-09-03T16:15:09.550000+08:00,0.75,7042,8d27797573bea5b4a6a97a9f40ad8c7a410a1491721275cba18ac7b5e880cb38
ctc_datasets,Cell Tracking Challenge,Cell Tracking Challenge datasets,Cell Tracking Challenge,https://celltrackingchallenge.net/datasets/,,,,列出 2D/3D 时序显微数据集及使用条件。,FULL_PAGE_BODY_READ,,,research/20260903_BIOHUB_CELL_PUBLIC_RECON_V01/staging/community_history_data/evidence/browser_reddit_science_history_reads.jsonl,Only claims within the actually read page are used.,scientific_web,,2026-09-03T08:19:05.047Z,2026-09-03T16:19:05.047000+08:00,,2586,a99e9c20d861f46faaf84aa6ea2de164f8654dd54b9e9ec9a79feb53b0c66711
ctc_evaluation,Cell Tracking Challenge,Cell Tracking Challenge evaluation methodology,Cell Tracking Challenge,https://celltrackingchallenge.net/evaluation-methodology/,,,,定义 DET、TRA、LNK、BIO 与综合 OP_CTB 指标。,FULL_PAGE_BODY_READ,,,research/20260903_BIOHUB_CELL_PUBLIC_RECON_V01/staging/community_history_data/evidence/browser_reddit_science_history_reads.jsonl,Only claims within the actually read page are used.,scientific_web,,2026-09-03T08:19:20.777Z,2026-09-03T16:19:20.777000+08:00,,5632,02e5fbf5de9eba1cc100fbc5d73be3d81b011a2a9c06ec4735260bb05ba326f8
ctc_annotations,Cell Tracking Challenge,Cell Tracking Challenge reference annotations,Cell Tracking Challenge,https://celltrackingchallenge.net/annotations/,,,,解释 gold 与 silver annotations 的覆盖和质量取舍。,FULL_PAGE_BODY_READ,,,research/20260903_BIOHUB_CELL_PUBLIC_RECON_V01/staging/community_history_data/evidence/browser_reddit_science_history_reads.jsonl,Only claims within the actually read page are used.,scientific_web,,2026-09-03T08:19:24.163Z,2026-09-03T16:19:24.163000+08:00,,3321,e2721c270255e4700893b7e7555a7039bef7d36fb9c686bb96d51e84b34c9bfb
ctc_history,Cell Tracking Challenge,Cell Tracking Challenge history and publications,Cell Tracking Challenge,https://celltrackingchallenge.net/history/,,,,记录自 2012 年以来的挑战演进与出版物。,FULL_PAGE_BODY_READ,,,research/20260903_BIOHUB_CELL_PUBLIC_RECON_V01/staging/community_history_data/evidence/browser_reddit_science_history_reads.jsonl,Only claims within the actually read page are used.,scientific_web,,2026-09-03T08:19:27.533Z,2026-09-03T16:19:27.533000+08:00,,8004,500ec053e2c26cbcbdc11e3720184e05888f6e50a659ed9dd6b4a5d5de09310c
ctc_results,Cell Tracking Challenge,Cell Tracking Benchmark results,Cell Tracking Challenge,https://celltrackingchallenge.net/latest-ctb-results/,,,,提供持续更新的基准结果入口。,FULL_PAGE_BODY_READ,,,research/20260903_BIOHUB_CELL_PUBLIC_RECON_V01/staging/community_history_data/evidence/browser_reddit_science_history_reads.jsonl,Only claims within the actually read page are used.,scientific_web,,2026-09-03T08:19:33.495Z,2026-09-03T16:19:33.495000+08:00,,1950,e686dd97f06a7fc7612fd37cb42451756f148453ac7e9ab6cdff1451f8dfd066
biohub_royer_initial,Chan Zuckerberg Biohub,Royer Group initial URL,Chan Zuckerberg Biohub,https://www.czbiohub.org/royer/,,,,初始域名导航超时，后以 biohub.org 版本成功读取。,BLOCKED,,,research/20260903_BIOHUB_CELL_PUBLIC_RECON_V01/staging/community_history_data/evidence/browser_reddit_science_history_reads.jsonl,Only claims within the actually read page are used.,scientific_web,,2026-09-03T08:19:47.109Z,2026-09-03T16:19:47.109000+08:00,,0,
zebrahub_pubmed,PubMed / Cell,A multimodal zebrafish developmental atlas,PubMed / Cell,https://pubmed.ncbi.nlm.nih.gov/39454574/,,,,论文摘要描述单细胞测序与光片谱系重建结合的斑马鱼发育图谱。,FULL_PAGE_BODY_READ,,,research/20260903_BIOHUB_CELL_PUBLIC_RECON_V01/staging/community_history_data/evidence/browser_reddit_science_history_reads.jsonl,Only claims within the actually read page are used.,scientific_web,,2026-09-03T08:20:00.343Z,2026-09-03T16:20:00.343000+08:00,,8513,aa356b3691f1e28d1aef64c82e86f601bc5308ee349ae4549a4e4c8301c8b8cc
ctc_nature_methods,Nature Methods,The Cell Tracking Challenge: 10 years of objective benchmarking,Nature Methods,https://www.nature.com/articles/s41592-023-01879-y,,,,系统评估多数据集算法、标注质量、技术和生物指标及泛化。,FULL_PAGE_BODY_READ,,,research/20260903_BIOHUB_CELL_PUBLIC_RECON_V01/staging/community_history_data/evidence/browser_reddit_science_history_reads.jsonl,Only claims within the actually read page are used.,scientific_web,,2026-09-03T08:20:06.611Z,2026-09-03T16:20:06.611000+08:00,,102248,c3d691b89e75cdbd80d75b147e8ec6833dc1d5216f5d72ce92452f64b30d2841
biorxiv_zebrahub_full,bioRxiv,Zebrahub preprint full route,bioRxiv,https://www.biorxiv.org/content/10.1101/2023.03.06.531398v1.full,,,,只读到安全验证页，未读取论文正文。,BLOCKED,,,research/20260903_BIOHUB_CELL_PUBLIC_RECON_V01/staging/community_history_data/evidence/browser_reddit_science_history_reads.jsonl,Only claims within the actually read page are used.,scientific_web,,2026-09-03T08:20:16.347Z,2026-09-03T16:20:16.347000+08:00,,235,d0665d559ed914743487ab946907a02cfeafb81c65d1bf0b9f2fbf92b7d49750
ultrack_docs,Royer Lab,Ultrack documentation,Royer Lab,https://royerlab.github.io/ultrack/,,,,文档覆盖候选分割、关联、全局求解、2D/3D 与大规模数据工作流。,FULL_PAGE_BODY_READ,,,research/20260903_BIOHUB_CELL_PUBLIC_RECON_V01/staging/community_history_data/evidence/browser_reddit_science_history_reads.jsonl,Only claims within the actually read page are used.,scientific_web,,2026-09-03T08:20:23.294Z,2026-09-03T16:20:23.294000+08:00,,40865,c225601c2a71e186f02ef1c28774d12b03f80b25b15146854617c90c265091c3
trackastra_arxiv,arXiv,Trackastra: Transformer-based cell tracking,arXiv,https://arxiv.org/abs/2405.15700,,,,摘要描述跨时间窗口的 Transformer 关联和分裂处理，前提是已有实例分割或检测。,FULL_PAGE_BODY_READ,,,research/20260903_BIOHUB_CELL_PUBLIC_RECON_V01/staging/community_history_data/evidence/browser_reddit_science_history_reads.jsonl,Only claims within the actually read page are used.,scientific_web,,2026-09-03T08:20:39.221Z,2026-09-03T16:20:39.221000+08:00,,3289,1cae8e4252c3a3193b2082e9665e08d5ac5f77685b4c4417c5177188aa02a94f
trackastra_github,GitHub / Weigert Lab,Trackastra repository README,GitHub / Weigert Lab,https://github.com/weigertlab/trackastra,,,,README 记录 2D/3D 用法、预训练模型和 greedy/ILP 跟踪模式。,README_ONLY,,,research/20260903_BIOHUB_CELL_PUBLIC_RECON_V01/staging/community_history_data/evidence/browser_reddit_science_history_reads.jsonl,Only claims within the actually read page are used.,scientific_web,,2026-09-03T08:20:48.781Z,2026-09-03T16:20:48.781000+08:00,,6279,6b0017d658ba1773ea0206aa19e15dd34fd8ff236c3f67d100ce877da0bc7096
geff_spec,Live Image Tracking Tools,GEFF specification,Live Image Tracking Tools,https://liveimagetrackingtools.org/geff/latest/specification/,,,,规范定义 Zarr 图的节点、边、属性、轴和元数据。,FULL_PAGE_BODY_READ,,,research/20260903_BIOHUB_CELL_PUBLIC_RECON_V01/staging/community_history_data/evidence/browser_reddit_science_history_reads.jsonl,Only claims within the actually read page are used.,scientific_web,,2026-09-03T08:20:58.764Z,2026-09-03T16:20:58.764000+08:00,,17949,76616aa61cd57fab150f79087468fe5805402e3544f5feaac0ff0bce192b5d96
tracksdata_github,GitHub / Royer Lab,TracksData repository README,GitHub / Royer Lab,https://github.com/royerlab/tracksdata,,,,README 说明面向多目标跟踪的图表示、SQL/RustWorkX 后端及 NN/ILP 工具。,README_ONLY,,,research/20260903_BIOHUB_CELL_PUBLIC_RECON_V01/staging/community_history_data/evidence/browser_reddit_science_history_reads.jsonl,Only claims within the actually read page are used.,scientific_web,,2026-09-03T08:21:08.663Z,2026-09-03T16:21:08.663000+08:00,,3198,55ef851ce0307c57df1e8adf356f99e88897a5531a36802401c06f698ab368c7
image_sc_elephant,image.sc Forum,ELEPHANT 3D lineage tracking announcement,image.sc Forum,https://forum.image.sc/t/announcing-elephant-tracking-cell-lineages-in-3d-by-incremental-deep-learning/49519,,,,主题和回复介绍 3D+time 标注、深度学习、校正和增量学习工作流。,FULL_PAGE_BODY_READ,,,research/20260903_BIOHUB_CELL_PUBLIC_RECON_V01/staging/community_history_data/evidence/browser_reddit_science_history_reads.jsonl,Only claims within the actually read page are used.,scientific_web,,2026-09-03T08:21:14.505Z,2026-09-03T16:21:14.505000+08:00,,2550,e6dda017e9504ee30ffe8d425cfada86277928b18beb058e59557b878c5cb104
biohub_royer,Chan Zuckerberg Biohub,Royer Group organismal architecture research,Chan Zuckerberg Biohub,https://biohub.org/royer/,,,,研究页将 Zebrahub、光片显微和发育生物学置于同一研究脉络。,FULL_PAGE_BODY_READ,,,research/20260903_BIOHUB_CELL_PUBLIC_RECON_V01/staging/community_history_data/evidence/browser_reddit_science_history_reads.jsonl,Only claims within the actually read page are used.,scientific_web,,2026-09-03T08:25:53.312Z,2026-09-03T16:25:53.312000+08:00,,2609,06b889b71ff9f1476c7d29705c5e4a36ef4dcd6a172f6a1e8ad43de61603211e
biorxiv_zebrahub_abs,bioRxiv,Zebrahub preprint abstract route,bioRxiv,https://www.biorxiv.org/content/10.1101/2023.03.06.531398v1,,,,再次只读到安全验证页，未读取论文正文。,BLOCKED,,,research/20260903_BIOHUB_CELL_PUBLIC_RECON_V01/staging/community_history_data/evidence/browser_reddit_science_history_reads.jsonl,Only claims within the actually read page are used.,scientific_web,,2026-09-03T08:26:17.665Z,2026-09-03T16:26:17.665000+08:00,,235,0fc8e8bf73e9d2296455e51f0d3c272e1692de8991f17728ef4405e1887933da
staf_arxiv,arXiv,Efficient Online Multi-Person 2D Pose Tracking with Recurrent Spatio-Temporal Affinity Fields,arXiv,https://arxiv.org/abs/1811.11975,,,,原始 STAF 论文针对多人 2D 姿态视频跟踪，不是细胞或谱系；只能作为关联表示类比。,FULL_PAGE_BODY_READ,,,research/20260903_BIOHUB_CELL_PUBLIC_RECON_V01/staging/community_history_data/evidence/browser_reddit_science_history_reads.jsonl,Only claims within the actually read page are used.,scientific_web,,2026-09-03T08:48:16.835Z,2026-09-03T16:48:16.835000+08:00,,2510,6d22ba2421c646272d852e8ea31e0e49236ad486d09b279e50f235499223c429
hist_dsb2018,Kaggle Competition,2018 Data Science Bowl,,https://www.kaggle.com/competitions/data-science-bowl-2018,,,,官方比赛页：2D 核实例分割、阈值平均精度和 RLE 提交。,FULL_PAGE_BODY_READ,,,research/20260903_BIOHUB_CELL_PUBLIC_RECON_V01/staging/community_history_data/evidence/browser_reddit_science_history_reads.jsonl,Only claims within the actually read page are used.,historical_competition,,2026-09-03T08:24:12.930Z,2026-09-03T16:24:12.930000+08:00,,15338,476a9a482932127393a6d1fc9762564769aceb710f95e165ab00f61e555b4252
hist_sartorius,Kaggle Competition,Sartorius - Cell Instance Segmentation,,https://www.kaggle.com/competitions/sartorius-cell-instance-segmentation,,,,官方比赛页：2D 神经细胞实例分割。,FULL_PAGE_BODY_READ,,,research/20260903_BIOHUB_CELL_PUBLIC_RECON_V01/staging/community_history_data/evidence/browser_reddit_science_history_reads.jsonl,Only claims within the actually read page are used.,historical_competition,,2026-09-03T08:24:20.233Z,2026-09-03T16:24:20.233000+08:00,,8222,e38ebae6f4baacf7ff682cb46a294516b4418c776798209f441d50e6346c6fbe
hist_czii,Kaggle Competition,CZII - CryoET Object Identification,,https://www.kaggle.com/competitions/czii-cryo-et-object-identification,,,,官方比赛页：3D 冷冻电镜粒子点检测，F-beta-4 偏重召回。,FULL_PAGE_BODY_READ,,,research/20260903_BIOHUB_CELL_PUBLIC_RECON_V01/staging/community_history_data/evidence/browser_reddit_science_history_reads.jsonl,Only claims within the actually read page are used.,historical_competition,,2026-09-03T08:24:23.167Z,2026-09-03T16:24:23.167000+08:00,,7372,fb67108abdcbae0245c0cfb31d49a0529b2ad98916b15e8cc1aa669915e24b25
hist_byu,Kaggle Competition,BYU - Locating Bacterial Flagellar Motors 2025,,https://www.kaggle.com/competitions/byu-locating-bacterial-flagellar-motors-2025,,,,官方比赛页：3D 断层图中存在性与点定位。,FULL_PAGE_BODY_READ,,,research/20260903_BIOHUB_CELL_PUBLIC_RECON_V01/staging/community_history_data/evidence/browser_reddit_science_history_reads.jsonl,Only claims within the actually read page are used.,historical_competition,,2026-09-03T08:24:26.160Z,2026-09-03T16:24:26.160000+08:00,,6479,bfe34c76840833158f752504d98cabad3334a73519512b06ce110ddbe9e77693
hist_hpa,Kaggle Competition,Human Protein Atlas - Single Cell Classification,,https://www.kaggle.com/competitions/hpa-single-cell-image-classification,,,,官方比赛页：多通道显微图像的逐细胞多标签分类。,FULL_PAGE_BODY_READ,,,research/20260903_BIOHUB_CELL_PUBLIC_RECON_V01/staging/community_history_data/evidence/browser_reddit_science_history_reads.jsonl,Only claims within the actually read page are used.,historical_competition,,2026-09-03T08:24:29.179Z,2026-09-03T16:24:29.179000+08:00,,9486,d8d46d085724415cc2bb9ffd349a6971a1b72b8973c906ab51e5f65389aae5c1
hist_recursion,Kaggle Competition,Recursion Cellular Image Classification,,https://www.kaggle.com/competitions/recursion-cellular-image-classification,,,,官方比赛页：多通道细胞图像扰动分类与批次域偏移。,FULL_PAGE_BODY_READ,,,research/20260903_BIOHUB_CELL_PUBLIC_RECON_V01/staging/community_history_data/evidence/browser_reddit_science_history_reads.jsonl,Only claims within the actually read page are used.,historical_competition,,2026-09-03T08:24:32.014Z,2026-09-03T16:24:32.014000+08:00,,7441,6c0351549575476beb9b065c41d560f593d32e887c50e864599f24105fd0aa5c
hist_dsb2018_writeup,Kaggle Writeup,DSB 2018 first-place writeup,,https://www.kaggle.com/competitions/data-science-bowl-2018/writeups/ods-ai-topcoders-ods-ai-topcoders-1st-place-soluti,,,,官方 writeup 标注 1st place；方法含 U-Net、边界目标、分水岭和对象级后处理。,FULL_PAGE_BODY_READ,,,research/20260903_BIOHUB_CELL_PUBLIC_RECON_V01/staging/community_history_data/evidence/browser_reddit_science_history_reads.jsonl,Only claims within the actually read page are used.,historical_competition,,2026-09-03T08:24:44.049Z,2026-09-03T16:24:44.049000+08:00,,26835,b4e22525d99273d44b31121365129d4e5924eb8718c59864687562e8ca217410
hist_sartorius_writeup,Kaggle Writeup,Sartorius first-place writeup,,https://www.kaggle.com/competitions/sartorius-cell-instance-segmentation/writeups/rist-takuoko-tascj-1st-place-solution,,,,官方 writeup 标注 1st place；报告本地 COCO AP 0.396，不是榜单分数。,FULL_PAGE_BODY_READ,,,research/20260903_BIOHUB_CELL_PUBLIC_RECON_V01/staging/community_history_data/evidence/browser_reddit_science_history_reads.jsonl,Only claims within the actually read page are used.,historical_competition,,2026-09-03T08:24:48.909Z,2026-09-03T16:24:48.909000+08:00,,12188,4bcd8327460386a634f1fae71e965e4ff8ada71a03a471c4e633ef500ad609a8
hist_czii_writeup,Kaggle Discussion,CZII first-place object-detection writeup,,https://www.kaggle.com/competitions/czii-cryo-et-object-identification/discussion/561440,,,,作者带 1st in this competition 标识，公开 3D 分割与检测集成方案。,FULL_PAGE_BODY_READ,,,research/20260903_BIOHUB_CELL_PUBLIC_RECON_V01/staging/community_history_data/evidence/browser_reddit_science_history_reads.jsonl,Only claims within the actually read page are used.,historical_competition,,2026-09-03T08:24:52.569Z,2026-09-03T16:24:52.569000+08:00,,18733,a3ff1b73218632c0d850bd6ae630c1028166353d78ab71ffd9ad5dc05ac28436
hist_byu_writeup,Kaggle Writeup,BYU second-place writeup,,https://www.kaggle.com/competitions/byu-locating-bacterial-flagellar-motors-2025/writeups/mic-dkfz-2nd-place-solution-3d-nnu-net-blob-regres,,,,官方 writeup 标注 2nd place，并绑定公开 0.86734、私榜 0.87656。,FULL_PAGE_BODY_READ,,,research/20260903_BIOHUB_CELL_PUBLIC_RECON_V01/staging/community_history_data/evidence/browser_reddit_science_history_reads.jsonl,Only claims within the actually read page are used.,historical_competition,,2026-09-03T08:24:56.967Z,2026-09-03T16:24:56.967000+08:00,,21016,066536567be981cfc75816d46f6b8f53ca2ef6e469f3393e68e0be9d0978596a
hist_hpa_writeup,Kaggle Writeup,HPA first-place writeup,,https://www.kaggle.com/competitions/hpa-single-cell-image-classification/writeups/bestfitting-fair-cell-activation-network-and-swin-,,,,官方 writeup 标注 1st place；作者报告简单双模型私榜 0.555、六模型 0.566。,FULL_PAGE_BODY_READ,,,research/20260903_BIOHUB_CELL_PUBLIC_RECON_V01/staging/community_history_data/evidence/browser_reddit_science_history_reads.jsonl,Only claims within the actually read page are used.,historical_competition,,2026-09-03T08:24:59.798Z,2026-09-03T16:24:59.798000+08:00,,6803,f0736b90852fa9c38df82ef215cc9c0bbf457c954612fb8688273da3dd9dccdf
hist_recursion_writeup,Kaggle Writeup,Recursion first-place writeup,,https://www.kaggle.com/competitions/recursion-cellular-image-classification/writeups/maciej-sypetkowski-1st-place-solution-write-up-cod,,,,官方 writeup 标注 1st place；最终集成作者报告私榜 0.99763、公开榜 0.99480。,FULL_PAGE_BODY_READ,,,research/20260903_BIOHUB_CELL_PUBLIC_RECON_V01/staging/community_history_data/evidence/browser_reddit_science_history_reads.jsonl,Only claims within the actually read page are used.,historical_competition,,2026-09-03T08:25:02.583Z,2026-09-03T16:25:02.583000+08:00,,21021,319dc5e3185f48da88bf3dd57fce39921be7027c6a4342982bfad70dc2870014
