source_id,competition,url,microscopy,spatial_dimensions,time_dimension,task_type,cell_division,sparse_labels,output_type,metric,data_scale,compute,external_data,post_competition_solution,transferability,required_changes,incompatibilities,deep_read,read_status,evidence_path,rank_evidence,score_evidence,similarity,evidence_urls,notes
hist_dsb2018,2018 Data Science Bowl,https://www.kaggle.com/competitions/data-science-bowl-2018,yes,2D,no,nuclei instance segmentation,no,no,instance masks / RLE,mean precision over IoU thresholds 0.50-0.95,heterogeneous 2D microscopy images; exact count not extracted,participant-managed; unlike current 12h offline notebook,first-place writeup reports several public nuclei datasets,yes; official first-place writeup,"encoder-decoder detection features, boundary target, object postprocessing","3D anisotropy, time association, division topology, GEFF export, node-count control",2D dense masks and mask-IoU objective do not solve graph tracking,true,FULL_PAGE_BODY_READ,research/20260903_BIOHUB_CELL_PUBLIC_RECON_V01/staging/community_history_data/evidence/browser_reddit_science_history_reads.jsonl,1st place; official writeup,UNKNOWN; no final leaderboard score bound,high for detection/instance separation; low for tracking,https://www.kaggle.com/competitions/data-science-bowl-2018 | https://www.kaggle.com/competitions/data-science-bowl-2018/writeups/ods-ai-topcoders-ods-ai-topcoders-1st-place-soluti,Do not interpret a visible unrelated 0.938 sidebar value as this competition score.
hist_sartorius,Sartorius - Cell Instance Segmentation,https://www.kaggle.com/competitions/sartorius-cell-instance-segmentation,yes,2D,no,neuronal cell instance segmentation,no,no,instance masks / RLE,mean AP over IoU thresholds,2D phase-contrast images; exact count not extracted,code competition; 9h limit observed on official page,public external data allowed per official page/writeup usage,yes; official first-place writeup,"cell instance separation, mask/bbox reranking, overlap cleanup","3D detector, temporal linker, divisions, sparse supervision, GEFF",no temporal graph and no node-count penalty,true,FULL_PAGE_BODY_READ,research/20260903_BIOHUB_CELL_PUBLIC_RECON_V01/staging/community_history_data/evidence/browser_reddit_science_history_reads.jsonl,1st place; official writeup,local COCO AP=0.396; explicitly not leaderboard score,high for cell separation; low for lineage,https://www.kaggle.com/competitions/sartorius-cell-instance-segmentation | https://www.kaggle.com/competitions/sartorius-cell-instance-segmentation/writeups/rist-takuoko-tascj-1st-place-solution,Keep validation AP separate from competition leaderboard score.
hist_czii,CZII - CryoET Object Identification,https://www.kaggle.com/competitions/czii-cryo-et-object-identification,yes,3D,no,particle point detection,no,point annotations,x/y/z coordinates and type,"F-beta-4, recall weighted",3D tomograms; exact count not extracted,12h code competition,public external data permitted/used,yes; first-place author discussion and code,"3D heatmap/point detection, tiling, NMS, TensorRT acceleration","add temporal association, division modeling, GEFF graph and current edge/division metric",F-beta point objective has no trajectory consistency,true,FULL_PAGE_BODY_READ,research/20260903_BIOHUB_CELL_PUBLIC_RECON_V01/staging/community_history_data/evidence/browser_reddit_science_history_reads.jsonl,author marked 1st in competition,writeup examples include ~0.740 and 0.752 LB for component baselines; not final team score,very high for 3D point detection; low for time,https://www.kaggle.com/competitions/czii-cryo-et-object-identification | https://www.kaggle.com/competitions/czii-cryo-et-object-identification/discussion/561440,Do not bind an unrelated notebook score to the final team without a direct record.
hist_byu,BYU - Locating Bacterial Flagellar Motors 2025,https://www.kaggle.com/competitions/byu-locating-bacterial-flagellar-motors-2025,yes,3D,no,presence classification plus point localization,no,point target,presence and x/y/z coordinate,classification F-score plus distance-based localization component,3D tomograms; exact count not extracted,12h code competition,writeup used Bartley data and 555 additional public tomograms,yes; official second-place writeup,"3D nnU-Net blob regression, anisotropic resampling, sliding-window inference, NMS","multi-frame model, association/division edges, GEFF conversion, 12h end-to-end budget",single-coordinate tomogram target cannot express many cells or lineage,true,FULL_PAGE_BODY_READ,research/20260903_BIOHUB_CELL_PUBLIC_RECON_V01/staging/community_history_data/evidence/browser_reddit_science_history_reads.jsonl,2nd place; tied score resolved by submission time,public 0.86734; private 0.87656; author writeup,very high for 3D localization; low for tracking,https://www.kaggle.com/competitions/byu-locating-bacterial-flagellar-motors-2025 | https://www.kaggle.com/competitions/byu-locating-bacterial-flagellar-motors-2025/writeups/mic-dkfz-2nd-place-solution-3d-nnu-net-blob-regres,Author also reports lower-compute private 0.86392; threshold budgets were unequal.
hist_hpa,Human Protein Atlas - Single Cell Classification,https://www.kaggle.com/competitions/hpa-single-cell-image-classification,yes,2D multichannel,no,per-cell multilabel classification,no,weak image-level labels plus supplied segmentation,class/confidence/mask records,mean average precision at mask matching threshold,large four-channel confocal collection; exact count not extracted,code competition,public HPA overlap explicitly handled in writeup,yes; official first-place writeup,"multichannel normalization, weak-label learning, border-cell confidence handling","3D+time, point detection, association/division graph, GEFF and graph metric",classification objective and 2D masks are far from lineage reconstruction,true,FULL_PAGE_BODY_READ,research/20260903_BIOHUB_CELL_PUBLIC_RECON_V01/staging/community_history_data/evidence/browser_reddit_science_history_reads.jsonl,1st place; official writeup,private 0.555 simple ensemble; 0.566 six-model ensemble,medium imaging-domain relevance,https://www.kaggle.com/competitions/hpa-single-cell-image-classification | https://www.kaggle.com/competitions/hpa-single-cell-image-classification/writeups/bestfitting-fair-cell-activation-network-and-swin-,Scores are author-reported private-LB values bound to the writeup.
hist_recursion,Recursion Cellular Image Classification,https://www.kaggle.com/competitions/recursion-cellular-image-classification,yes,2D multichannel,no,cellular perturbation classification,no,no,class label,multiclass accuracy,"many experimental batches and 1,108 perturbation classes",participant-managed historical competition,not extracted as a rule claim,yes; official first-place writeup and author repository,"per-channel normalization, augmentation, batch/domain robustness",discard class assignment; build 3D detector and temporal lineage graph,pseudo-label/test assignment and known batch leakage must not be copied,true,FULL_PAGE_BODY_READ,research/20260903_BIOHUB_CELL_PUBLIC_RECON_V01/staging/community_history_data/evidence/browser_reddit_science_history_reads.jsonl,1st place; official writeup,final private 0.99763; public 0.99480; author writeup,medium for imaging robustness; low for output task,https://www.kaggle.com/competitions/recursion-cellular-image-classification | https://www.kaggle.com/competitions/recursion-cellular-image-classification/writeups/maciej-sypetkowski-1st-place-solution-write-up-cod,Known leak-like experiment structure makes direct transfer unsafe.
hist_sennet_title,SenNet + HOA - Hacking the Human Vasculature in 3D,https://www.kaggle.com/competitions/blood-vessel-segmentation,yes,3D,no,vasculature semantic segmentation,no,unknown,3D mask / RLE,unknown in this pass,unknown,unknown,unknown,"likely, not read",3D patching and memory control candidate,"points, time, division, GEFF",tubular mask objective,false,TITLE_SNIPPET_ONLY,research/20260903_BIOHUB_CELL_PUBLIC_RECON_V01/staging/community_history_data/evidence/browser_reddit_science_history_reads.jsonl,UNKNOWN,UNKNOWN,medium,https://www.kaggle.com/competitions/blood-vessel-segmentation,Candidate discovery only; no ranking or score claim.
hist_hubmap_body_title,HuBMAP + HPA - Hacking the Human Body,https://www.kaggle.com/competitions/hubmap-organ-segmentation,yes,2D,no,functional tissue unit segmentation,no,unknown,masks / RLE,unknown in this pass,unknown,unknown,unknown,"likely, not read",cross-organ/domain robustness candidate,3D time and graph,tissue masks,false,TITLE_SNIPPET_ONLY,research/20260903_BIOHUB_CELL_PUBLIC_RECON_V01/staging/community_history_data/evidence/browser_reddit_science_history_reads.jsonl,UNKNOWN,UNKNOWN,medium-low,https://www.kaggle.com/competitions/hubmap-organ-segmentation,Candidate discovery only.
hist_hubmap_kidney_title,HuBMAP - Hacking the Kidney,https://www.kaggle.com/competitions/hubmap-kidney-segmentation,yes,2D very-large TIFF,no,glomeruli segmentation,no,unknown,mask / RLE,unknown in this pass,whole-slide images,unknown,unknown,"likely, not read",tiling and streaming candidate,3D temporal graph,whole-slide organ segmentation,false,TITLE_SNIPPET_ONLY,research/20260903_BIOHUB_CELL_PUBLIC_RECON_V01/staging/community_history_data/evidence/browser_reddit_science_history_reads.jsonl,UNKNOWN,UNKNOWN,low-medium,https://www.kaggle.com/competitions/hubmap-kidney-segmentation,Candidate discovery only.
hist_hubmap_vasculature_title,HuBMAP - Hacking the Human Vasculature,https://www.kaggle.com/competitions/hubmap-hacking-the-human-vasculature,yes,2D,no,microvasculature instance segmentation,no,unknown,instance masks,unknown in this pass,unknown,unknown,unknown,"likely, not read",instance separation candidate,"cells, 3D+time, lineage graph","vascular instances, no time",false,TITLE_SNIPPET_ONLY,research/20260903_BIOHUB_CELL_PUBLIC_RECON_V01/staging/community_history_data/evidence/browser_reddit_science_history_reads.jsonl,UNKNOWN,UNKNOWN,medium-low,https://www.kaggle.com/competitions/hubmap-hacking-the-human-vasculature,Candidate discovery only.
