source_id,owner_dataset,url_ref,title,created_at,updated_at,size,license,usability,votes,download_count,files,file_formats,microscopy_type,species,dimensions,time_dimension,labels,relevance,possible_use,rule_eligibility_checked,leakage_risk,compatibility,read_status,evidence_path,notes
dataset_page_kms111201_full_data,kms111201/biohub-cell-tracking-data,https://www.kaggle.com/datasets/kms111201/biohub-cell-tracking-data,BioHub Cell Tracking - Full Data,UNKNOWN,UNKNOWN; browser page only gave relative age where visible,79.16 GB (browser page),CC0-1.0,0.23529411764705882,2,11355,observed_count=200; complete=False; examples=metadata_files/corrupt_files.txt | metadata_files/sample_submission.csv | test_data/test/44b6_0113de3b.zarr/0/c/0/0/0/0 | test_data/test/44b6_0113de3b.zarr/0/c/1/0/0/0 | test_data/test/44b6_0113de3b.zarr/0/c/10/0/0/0 | test_data/test/44b6_0113de3b.zarr/0/c/11/0/0/0 | test_data/test/44b6_0113de3b.zarr/0/c/12/0/0/0 | test_data/test/44b6_0113de3b.zarr/0/c/13/0/0/0,"{"".csv"": 1, "".json"": 17, "".txt"": 1, ""[no_extension]"": 181}",3D fluorescence light-sheet or competition artifact,zebrafish embryo / not applicable,3D,yes,"GEFF graph, weights, code, notebook or submission artifacts",very high,metadata/reproducibility reference only pending rule review,false,DO_NOT_USE_PENDING_RULE_REVIEW,current-competition-derived; rule and leakage review mandatory,FULL_PAGE_BODY_READ,research/20260903_BIOHUB_CELL_PUBLIC_RECON_V01/staging/community_history_data/evidence/browser_dataset_page_reads.jsonl,selection=large competition-named data mirror; leakage review; cli_metadata_exit=0; cli_files_exit=0; browser_evidence=evidence/browser_dataset_page_reads.jsonl; no content downloaded
dataset_page_jobayerhossain_competition_copy,jobayerhossain/biohub-cell-tracking-during-development,https://www.kaggle.com/datasets/jobayerhossain/biohub-cell-tracking-during-development,biohub-cell-tracking-during-development,UNKNOWN,UNKNOWN; browser page only gave relative age where visible,6.43 GB (browser page),unknown,0.1875,UNKNOWN,5330,observed_count=200; complete=False; examples=train/44b6_0113de3b.geff/edges/ids/c/0/0 | train/44b6_0113de3b.geff/edges/ids/zarr.json | train/44b6_0113de3b.geff/edges/props/zarr.json | train/44b6_0113de3b.geff/edges/zarr.json | train/44b6_0113de3b.geff/nodes/ids/c/0 | train/44b6_0113de3b.geff/nodes/ids/zarr.json | train/44b6_0113de3b.geff/nodes/props/t/values/c/0 | train/44b6_0113de3b.geff/nodes/props/t/values/zarr.json,"{"".json"": 32, ""[no_extension]"": 168}",3D fluorescence light-sheet or competition artifact,zebrafish embryo / not applicable,3D,yes,"GEFF graph, weights, code, notebook or submission artifacts",very high,metadata/reproducibility reference only pending rule review,false,DO_NOT_USE_PENDING_RULE_REVIEW,current-competition-derived; rule and leakage review mandatory,FULL_PAGE_BODY_READ,research/20260903_BIOHUB_CELL_PUBLIC_RECON_V01/staging/community_history_data/evidence/browser_dataset_page_reads.jsonl,selection=competition-named data copy; cli_metadata_exit=0; cli_files_exit=0; browser_evidence=evidence/browser_dataset_page_reads.jsonl; no content downloaded
dataset_page_isacinformagenie_neurogolf_artifact,isacinformagenie5/biohub-cell-tracking-during-development,https://www.kaggle.com/datasets/isacinformagenie5/biohub-cell-tracking-during-development,Biohub - Cell Tracking During Development,UNKNOWN,UNKNOWN; browser page only gave relative age where visible,2.01 MB (browser page),CC0-1.0,0.4375,1,22,observed_count=200; complete=False; examples=artifacts_manifest.json | experiment_log.json | metrics.jsonl | submission/task001.onnx | submission/task002.onnx | submission/task003.onnx | submission/task004.onnx | submission/task005.onnx,"{"".json"": 2, "".jsonl"": 1, "".onnx"": 197}",3D fluorescence light-sheet or competition artifact,zebrafish embryo / not applicable,3D,yes,"GEFF graph, weights, code, notebook or submission artifacts",very high,metadata/reproducibility reference only pending rule review,false,DO_NOT_USE_PENDING_RULE_REVIEW,current-competition-derived; rule and leakage review mandatory,FULL_PAGE_BODY_READ,research/20260903_BIOHUB_CELL_PUBLIC_RECON_V01/staging/community_history_data/evidence/browser_dataset_page_reads.jsonl,selection=competition-named output/model bundle; cli_metadata_exit=0; cli_files_exit=0; browser_evidence=evidence/browser_dataset_page_reads.jsonl; no content downloaded
dataset_page_soufianehajou_biohub_officiel_v6,soufianehajou/biohub-officiel-v6,https://www.kaggle.com/datasets/soufianehajou/biohub-officiel-v6,Biohub Officiel V6,UNKNOWN,UNKNOWN; browser page only gave relative age where visible,15.94 KB (browser page),apache-2.0,0.4375,UNKNOWN,6,observed_count=1; complete=True; examples=biohub_v6_official.py,"{"".py"": 1}",3D fluorescence light-sheet or competition artifact,zebrafish embryo / not applicable,3D,yes,"GEFF graph, weights, code, notebook or submission artifacts",very high,metadata/reproducibility reference only pending rule review,false,DO_NOT_USE_PENDING_RULE_REVIEW,current-competition-derived; rule and leakage review mandatory,FULL_PAGE_BODY_READ,research/20260903_BIOHUB_CELL_PUBLIC_RECON_V01/staging/community_history_data/evidence/browser_dataset_page_reads.jsonl,selection=competition-named small artifact; cli_metadata_exit=0; cli_files_exit=0; browser_evidence=evidence/browser_dataset_page_reads.jsonl; no content downloaded
dataset_page_pilkwang_support_pack,pilkwang/biohub-tracking-support-pack-50ep-v1,https://www.kaggle.com/datasets/pilkwang/biohub-tracking-support-pack-50ep-v1,Biohub Tracking Support Pack,UNKNOWN,UNKNOWN; browser page only gave relative age where visible,355.65 MB (browser page),CC0-1.0,0.5,33,12859,observed_count=87; complete=True; examples=ARTIFACT_MANIFEST.json | README.md | kaggle_dependency_install_command.txt | repo/scripts/augmentations.py | repo/scripts/dataspec.py | repo/scripts/evaluate.py | repo/scripts/predict_unet_transformer.py | repo/scripts/train_unet_transformer.py,"{"".json"": 2, "".md"": 1, "".pth"": 2, "".py"": 15, "".sh"": 2, "".txt"": 3, "".whl"": 62}",3D fluorescence light-sheet or competition artifact,zebrafish embryo / not applicable,3D,yes,"GEFF graph, weights, code, notebook or submission artifacts",very high,metadata/reproducibility reference only pending rule review,false,DO_NOT_USE_PENDING_RULE_REVIEW,current-competition-derived; rule and leakage review mandatory,FULL_PAGE_BODY_READ,research/20260903_BIOHUB_CELL_PUBLIC_RECON_V01/staging/community_history_data/evidence/browser_dataset_page_reads.jsonl,selection=high-use competition support pack; cli_metadata_exit=0; cli_files_exit=0; browser_evidence=evidence/browser_dataset_page_reads.jsonl; no content downloaded
dataset_page_pilkwang_temporal_unet,pilkwang/biohub-temporal-unet3d-seed314159-v1,https://www.kaggle.com/datasets/pilkwang/biohub-temporal-unet3d-seed314159-v1,Biohub TemporalUNet3D Seed 314159 V1,UNKNOWN,UNKNOWN; browser page only gave relative age where visible,355.75 MB (browser page),CC0-1.0,0.5,5,4028,observed_count=91; complete=True; examples=ARTIFACT_MANIFEST.json | README.md | kaggle_dependency_install_command.txt | repo/scripts/augmentations.py | repo/scripts/dataspec.py | repo/scripts/evaluate.py | repo/scripts/predict_unet_transformer.py | repo/scripts/train_unet_transformer.py,"{"".csv"": 1, "".json"": 5, "".md"": 1, "".pth"": 2, "".py"": 15, "".sh"": 2, "".txt"": 3, "".whl"": 62}",3D fluorescence light-sheet or competition artifact,zebrafish embryo / not applicable,3D,yes,"GEFF graph, weights, code, notebook or submission artifacts",very high,metadata/reproducibility reference only pending rule review,false,DO_NOT_USE_PENDING_RULE_REVIEW,current-competition-derived; rule and leakage review mandatory,FULL_PAGE_BODY_READ,research/20260903_BIOHUB_CELL_PUBLIC_RECON_V01/staging/community_history_data/evidence/browser_dataset_page_reads.jsonl,selection=competition temporal 3D weights; cli_metadata_exit=0; cli_files_exit=0; browser_evidence=evidence/browser_dataset_page_reads.jsonl; no content downloaded
dataset_page_pilkwang_deepcenter_snapshot,pilkwang/biohub-deepcenter-epoch400-snapshot,https://www.kaggle.com/datasets/pilkwang/biohub-deepcenter-epoch400-snapshot,Kaggle: Your Home for Data Science,UNKNOWN,UNKNOWN; browser page only gave relative age where visible,observed_file_bytes=0; may be partial,UNKNOWN,UNKNOWN,UNKNOWN,UNKNOWN,observed_count=0; complete=False,{},3D fluorescence light-sheet or competition artifact,zebrafish embryo / not applicable,3D,yes,"GEFF graph, weights, code, notebook or submission artifacts",very high,metadata/reproducibility reference only pending rule review,false,DO_NOT_USE_PENDING_RULE_REVIEW,current-competition-derived; rule and leakage review mandatory,BLOCKED,research/20260903_BIOHUB_CELL_PUBLIC_RECON_V01/staging/community_history_data/evidence/browser_dataset_page_reads.jsonl,selection=competition center model snapshot; cli_metadata_exit=1; cli_files_exit=1; browser_evidence=evidence/browser_dataset_page_reads.jsonl; no content downloaded
dataset_page_pilkwang_association_ranker,pilkwang/biohub-local-association-ranker-unet300-v1,https://www.kaggle.com/datasets/pilkwang/biohub-local-association-ranker-unet300-v1,Biohub Local Association Ranker UNET300 V1,UNKNOWN,UNKNOWN; browser page only gave relative age where visible,26.89 KB (browser page),CC0-1.0,0.5,1,1018,observed_count=5; complete=True; examples=ASSOCIATION_RANKER_MANIFEST.json | local_association_features.stats.json | model/history.json | model/local_association_ranker.pt | model/model_info.json,"{"".json"": 4, "".pt"": 1}",3D fluorescence light-sheet or competition artifact,zebrafish embryo / not applicable,3D,yes,"GEFF graph, weights, code, notebook or submission artifacts",very high,metadata/reproducibility reference only pending rule review,false,DO_NOT_USE_PENDING_RULE_REVIEW,current-competition-derived; rule and leakage review mandatory,FULL_PAGE_BODY_READ,research/20260903_BIOHUB_CELL_PUBLIC_RECON_V01/staging/community_history_data/evidence/browser_dataset_page_reads.jsonl,selection=competition association ranker; cli_metadata_exit=0; cli_files_exit=0; browser_evidence=evidence/browser_dataset_page_reads.jsonl; no content downloaded
dataset_page_dalloliogm_biohub_official_scorer_patched,dalloliogm/biohub-official-scorer-patched,https://www.kaggle.com/datasets/dalloliogm/biohub-official-scorer-patched,Biohub scorer (from official patched metric),UNKNOWN,UNKNOWN; browser page only gave relative age where visible,observed_file_bytes=182402; may be partial,other,0.8125,UNKNOWN,225,observed_count=20; complete=True; examples=LICENSE | PROVENANCE.md | README.md | USAGE.md | metrics.md | tracking_cellmot_075fc5f/scripts/augmentations.py | tracking_cellmot_075fc5f/scripts/csv_to_geffs.py | tracking_cellmot_075fc5f/scripts/dataspec.py,"{"".md"": 4, "".py"": 15, ""[no_extension]"": 1}",3D fluorescence light-sheet or competition artifact,zebrafish embryo / not applicable,3D,yes,"GEFF graph, weights, code, notebook or submission artifacts",very high,metadata/reproducibility reference only pending rule review,false,DO_NOT_USE_PENDING_RULE_REVIEW,current-competition-derived; rule and leakage review mandatory,FULL_PAGE_BODY_READ,research/20260903_BIOHUB_CELL_PUBLIC_RECON_V01/staging/community_history_data/evidence/browser_dataset_page_reads.jsonl,selection=patched metric code; cli_metadata_exit=0; cli_files_exit=0; browser_evidence=evidence/browser_dataset_page_reads.jsonl; no content downloaded
dataset_page_busyaprime_biohub_local_scoring_support_pack,busyaprime/biohub-local-scoring-support-pack,https://www.kaggle.com/datasets/busyaprime/biohub-local-scoring-support-pack,Biohub Local Scoring Support Pack,UNKNOWN,UNKNOWN; browser page only gave relative age where visible,observed_file_bytes=57113; may be partial,Attribution 4.0 International (CC BY 4.0),0.5882352941176471,1,280,observed_count=9; complete=True; examples=dataset_stats.csv | local_score.py | make_stats.py | metric_cheatsheet.md | submission_template.csv | tracking_cellmot/LICENSE | tracking_cellmot/__init__.py | tracking_cellmot/division_metrics.py,"{"".csv"": 2, "".md"": 1, "".py"": 5, ""[no_extension]"": 1}",3D fluorescence light-sheet or competition artifact,zebrafish embryo / not applicable,3D,yes,"GEFF graph, weights, code, notebook or submission artifacts",very high,metadata/reproducibility reference only pending rule review,false,DO_NOT_USE_PENDING_RULE_REVIEW,current-competition-derived; rule and leakage review mandatory,FULL_PAGE_BODY_READ,research/20260903_BIOHUB_CELL_PUBLIC_RECON_V01/staging/community_history_data/evidence/browser_dataset_page_reads.jsonl,selection=local scoring support; cli_metadata_exit=0; cli_files_exit=0; browser_evidence=evidence/browser_dataset_page_reads.jsonl; no content downloaded
dataset_page_dariushafshar_biohub_local_cv_pack,dariushafshar/biohub-local-cv-pack,https://www.kaggle.com/datasets/dariushafshar/biohub-local-cv-pack,"Biohub Local CV Pack: Folds, GT Stats, Scorer",UNKNOWN,UNKNOWN; browser page only gave relative age where visible,observed_file_bytes=333950; may be partial,CC0-1.0,1,UNKNOWN,91,observed_count=11; complete=True; examples=README.md | build_pack.py | control.py | eval_setup.py | folds_prefix_holdout.csv | fork162_per_volume_run_stats.csv | gen_meta.py | gt_per_volume_stats.csv,"{"".csv"": 5, "".md"": 1, "".py"": 5}",3D fluorescence light-sheet or competition artifact,zebrafish embryo / not applicable,3D,yes,"GEFF graph, weights, code, notebook or submission artifacts",very high,metadata/reproducibility reference only pending rule review,false,DO_NOT_USE_PENDING_RULE_REVIEW,current-competition-derived; rule and leakage review mandatory,FULL_PAGE_BODY_READ,research/20260903_BIOHUB_CELL_PUBLIC_RECON_V01/staging/community_history_data/evidence/browser_dataset_page_reads.jsonl,selection=competition CV and GT statistics; cli_metadata_exit=0; cli_files_exit=0; browser_evidence=evidence/browser_dataset_page_reads.jsonl; no content downloaded
dataset_page_ideaplatsteven_biohub_celltrack_pipeline,ideaplatsteven/biohub-celltrack-pipeline,https://www.kaggle.com/datasets/ideaplatsteven/biohub-celltrack-pipeline,Biohub CellTrack Pipeline (norel7),UNKNOWN,UNKNOWN; browser page only gave relative age where visible,observed_file_bytes=330616439; may be partial,unknown,0.5,1,43,observed_count=83; complete=True; examples=baseline/augmentations.py | baseline/csv_to_geffs.py | baseline/dataspec.py | baseline/evaluate.py | baseline/geffs_to_csv.py | baseline/predict_unet_transformer.py | baseline/src/tracking_cellmot/__init__.py | baseline/src/tracking_cellmot/division_metrics.py,"{"".pth"": 1, "".py"": 20, "".whl"": 62}",3D fluorescence light-sheet or competition artifact,zebrafish embryo / not applicable,3D,yes,"GEFF graph, weights, code, notebook or submission artifacts",very high,metadata/reproducibility reference only pending rule review,false,DO_NOT_USE_PENDING_RULE_REVIEW,current-competition-derived; rule and leakage review mandatory,FULL_PAGE_BODY_READ,research/20260903_BIOHUB_CELL_PUBLIC_RECON_V01/staging/community_history_data/evidence/browser_dataset_page_reads.jsonl,selection=competition pipeline and tracksdata; cli_metadata_exit=0; cli_files_exit=0; browser_evidence=evidence/browser_dataset_page_reads.jsonl; no content downloaded
dataset_page_aaaa1597_cell_tracking_src,aaaa1597/cell-tracking-src,https://www.kaggle.com/datasets/aaaa1597/cell-tracking-src,Cell Tracking Src,UNKNOWN,UNKNOWN; browser page only gave relative age where visible,observed_file_bytes=323250; may be partial,MIT,0.25,1,79,observed_count=49; complete=True; examples=src/dataset_3d.py | src/eda_visualizer.py | src/geff/__init__.py | src/geff/_cli.py | src/geff/_graph_libs/README.md | src/geff/_graph_libs/__init__.py | src/geff/_graph_libs/_api_wrapper.py | src/geff/_graph_libs/_backend_protocol.py,"{"".md"": 1, "".py"": 47, "".typed"": 1}",unknown,unknown,unknown,unknown,unknown,low/unknown,metadata/reproducibility reference only pending rule review,false,DO_NOT_USE_PENDING_RULE_REVIEW,not enough metadata,FULL_PAGE_BODY_READ,research/20260903_BIOHUB_CELL_PUBLIC_RECON_V01/staging/community_history_data/evidence/browser_dataset_page_reads.jsonl,selection=cell-tracking source bundle; cli_metadata_exit=0; cli_files_exit=0; browser_evidence=evidence/browser_dataset_page_reads.jsonl; no content downloaded
dataset_page_ayeshasummaiyya_royerlabkaggle_cell_tracking_competition,ayeshasummaiyya/royerlabkaggle-cell-tracking-competition,https://www.kaggle.com/datasets/ayeshasummaiyya/royerlabkaggle-cell-tracking-competition,royerlab/kaggle-cell-tracking-competition,UNKNOWN,UNKNOWN; browser page only gave relative age where visible,5.75 MB (browser page),unknown,0.1875,UNKNOWN,31,observed_count=49; complete=True; examples=kaggle-cell-tracking-competition-main/.gitignore | kaggle-cell-tracking-competition-main/LICENSE | kaggle-cell-tracking-competition-main/README.md | kaggle-cell-tracking-competition-main/assets/demo.gif | kaggle-cell-tracking-competition-main/assets/division.svg | kaggle-cell-tracking-competition-main/assets/figure.svg | kaggle-cell-tracking-competition-main/assets/late_division.svg | kaggle-cell-tracking-competition-main/metrics.md,"{"".gif"": 1, "".json"": 14, "".md"": 2, "".py"": 26, "".svg"": 3, "".toml"": 1, ""[no_extension]"": 2}",3D fluorescence light-sheet or competition artifact,zebrafish embryo / not applicable,3D,yes,"GEFF graph, weights, code, notebook or submission artifacts",very high,metadata/reproducibility reference only pending rule review,false,DO_NOT_USE_PENDING_RULE_REVIEW,current-competition-derived; rule and leakage review mandatory,FULL_PAGE_BODY_READ,research/20260903_BIOHUB_CELL_PUBLIC_RECON_V01/staging/community_history_data/evidence/browser_dataset_page_reads.jsonl,selection=mirror of required starter repository; cli_metadata_exit=0; cli_files_exit=0; browser_evidence=evidence/browser_dataset_page_reads.jsonl; no content downloaded
dataset_page_omararaby1_kaggle_cell_tracking_competition,omararaby1/kaggle-cell-tracking-competition,https://www.kaggle.com/datasets/omararaby1/kaggle-cell-tracking-competition,kaggle-cell-tracking-competition,UNKNOWN,UNKNOWN; browser page only gave relative age where visible,5.75 MB (browser page),unknown,0.25,UNKNOWN,6,observed_count=49; complete=True; examples=.gitignore | LICENSE | README.md | assets/demo.gif | assets/division.svg | assets/figure.svg | assets/late_division.svg | metrics.md,"{"".gif"": 1, "".json"": 14, "".md"": 2, "".py"": 26, "".svg"": 3, "".toml"": 1, ""[no_extension]"": 2}",3D fluorescence light-sheet or competition artifact,zebrafish embryo / not applicable,3D,yes,"GEFF graph, weights, code, notebook or submission artifacts",very high,metadata/reproducibility reference only pending rule review,false,DO_NOT_USE_PENDING_RULE_REVIEW,current-competition-derived; rule and leakage review mandatory,FULL_PAGE_BODY_READ,research/20260903_BIOHUB_CELL_PUBLIC_RECON_V01/staging/community_history_data/evidence/browser_dataset_page_reads.jsonl,selection=second starter repository mirror; cli_metadata_exit=0; cli_files_exit=0; browser_evidence=evidence/browser_dataset_page_reads.jsonl; no content downloaded
dataset_page_rommelsharma_biohub_tracking_src,rommelsharma/biohub-tracking-src,https://www.kaggle.com/datasets/rommelsharma/biohub-tracking-src,biohub-tracking-src,UNKNOWN,UNKNOWN; browser page only gave relative age where visible,observed_file_bytes=44772; may be partial,CC-BY-SA-4.0,0.625,3,62,observed_count=19; complete=True; examples=src/biohub_tracking/__init__.py | src/biohub_tracking/data/__init__.py | src/biohub_tracking/data/io.py | src/biohub_tracking/data/probe.py | src/biohub_tracking/detect/__init__.py | src/biohub_tracking/detect/classical.py | src/biohub_tracking/detect/dataset.py | src/biohub_tracking/detect/infer.py,"{"".py"": 19}",3D fluorescence light-sheet or competition artifact,zebrafish embryo / not applicable,3D,yes,"GEFF graph, weights, code, notebook or submission artifacts",very high,metadata/reproducibility reference only pending rule review,false,DO_NOT_USE_PENDING_RULE_REVIEW,current-competition-derived; rule and leakage review mandatory,FULL_PAGE_BODY_READ,research/20260903_BIOHUB_CELL_PUBLIC_RECON_V01/staging/community_history_data/evidence/browser_dataset_page_reads.jsonl,selection=competition tracking source; cli_metadata_exit=0; cli_files_exit=0; browser_evidence=evidence/browser_dataset_page_reads.jsonl; no content downloaded
dataset_page_shorooghahmadi_biohub_embryo_celltrack_v2_ipynb,shorooghahmadi/biohub-embryo-celltrack-v2-ipynb,https://www.kaggle.com/datasets/shorooghahmadi/biohub-embryo-celltrack-v2-ipynb,biohub-embryo-celltrack-v2.ipynb,UNKNOWN,UNKNOWN; browser page only gave relative age where visible,observed_file_bytes=34822; may be partial,apache-2.0,0.5625,3,35,observed_count=1; complete=True; examples=biohub-embryo-celltrack-v2.ipynb,"{"".ipynb"": 1}",3D fluorescence light-sheet or competition artifact,zebrafish embryo / not applicable,3D,yes,"GEFF graph, weights, code, notebook or submission artifacts",very high,metadata/reproducibility reference only pending rule review,false,DO_NOT_USE_PENDING_RULE_REVIEW,current-competition-derived; rule and leakage review mandatory,FULL_PAGE_BODY_READ,research/20260903_BIOHUB_CELL_PUBLIC_RECON_V01/staging/community_history_data/evidence/browser_dataset_page_reads.jsonl,selection=competition notebook artifact; cli_metadata_exit=0; cli_files_exit=0; browser_evidence=evidence/browser_dataset_page_reads.jsonl; no content downloaded
dataset_page_shubzk17_biohub_cellmot_baseline,shubzk17/biohub-cellmot-baseline,https://www.kaggle.com/datasets/shubzk17/biohub-cellmot-baseline,biohub-cellmot-baseline,UNKNOWN,UNKNOWN; browser page only gave relative age where visible,observed_file_bytes=14216137; may be partial,CC0-1.0,0.625,1,24,observed_count=51; complete=True; examples=LICENSE | README.md | assets/demo.gif | assets/division.svg | assets/figure.svg | assets/late_division.svg | metrics.md | pyproject.toml,"{"".gif"": 1, "".json"": 15, "".md"": 2, "".pth"": 1, "".py"": 27, "".svg"": 3, "".toml"": 1, ""[no_extension]"": 1}",3D fluorescence light-sheet or competition artifact,zebrafish embryo / not applicable,3D,yes,"GEFF graph, weights, code, notebook or submission artifacts",very high,metadata/reproducibility reference only pending rule review,false,DO_NOT_USE_PENDING_RULE_REVIEW,current-competition-derived; rule and leakage review mandatory,FULL_PAGE_BODY_READ,research/20260903_BIOHUB_CELL_PUBLIC_RECON_V01/staging/community_history_data/evidence/browser_dataset_page_reads.jsonl,selection=competition CellMOT baseline; cli_metadata_exit=0; cli_files_exit=0; browser_evidence=evidence/browser_dataset_page_reads.jsonl; no content downloaded
dataset_page_aradhitadatey_biohub_classical_baseline_ipynb,aradhitadatey/biohub-cell-tracking-classical-baseline-ipynb,https://www.kaggle.com/datasets/aradhitadatey/biohub-cell-tracking-classical-baseline-ipynb,biohub-cell-tracking-classical-baseline.ipynb,UNKNOWN,UNKNOWN; browser page only gave relative age where visible,observed_file_bytes=1126357; may be partial,CC0-1.0,0.125,UNKNOWN,6,observed_count=1; complete=True; examples=biohub-cell-tracking-classical-baseline.ipynb,"{"".ipynb"": 1}",3D fluorescence light-sheet or competition artifact,zebrafish embryo / not applicable,3D,yes,"GEFF graph, weights, code, notebook or submission artifacts",very high,metadata/reproducibility reference only pending rule review,false,DO_NOT_USE_PENDING_RULE_REVIEW,current-competition-derived; rule and leakage review mandatory,FULL_PAGE_BODY_READ,research/20260903_BIOHUB_CELL_PUBLIC_RECON_V01/staging/community_history_data/evidence/browser_dataset_page_reads.jsonl,selection=competition classical baseline; cli_metadata_exit=0; cli_files_exit=0; browser_evidence=evidence/browser_dataset_page_reads.jsonl; no content downloaded
dataset_page_abdulhamidodejimi_biohub_baseline_script,abdulhamidodejimi/biohub-cell-tracking-baseline-script,https://www.kaggle.com/datasets/abdulhamidodejimi/biohub-cell-tracking-baseline-script,Biohub Cell Tracking - Baseline Script,UNKNOWN,UNKNOWN; browser page only gave relative age where visible,observed_file_bytes=8179; may be partial,CC0-1.0,0.125,1,10,observed_count=1; complete=True; examples=biohub_baseline.py,"{"".py"": 1}",3D fluorescence light-sheet or competition artifact,zebrafish embryo / not applicable,3D,yes,"GEFF graph, weights, code, notebook or submission artifacts",very high,metadata/reproducibility reference only pending rule review,false,DO_NOT_USE_PENDING_RULE_REVIEW,current-competition-derived; rule and leakage review mandatory,FULL_PAGE_BODY_READ,research/20260903_BIOHUB_CELL_PUBLIC_RECON_V01/staging/community_history_data/evidence/browser_dataset_page_reads.jsonl,selection=competition baseline script; cli_metadata_exit=0; cli_files_exit=0; browser_evidence=evidence/browser_dataset_page_reads.jsonl; no content downloaded
dataset_page_eariosb_trackastra_offline,eariosb/trackastra-offline,https://www.kaggle.com/datasets/eariosb/trackastra-offline,Trackastra Offline (wheels + ctc model) | Kaggle,UNKNOWN,UNKNOWN; browser page only gave relative age where visible,observed_file_bytes=291691052; may be partial,unknown,0.25,UNKNOWN,2,observed_count=24; complete=True; examples=annotated_types-0.7.0-py3-none-any.whl | blosc-1.11.4-cp312-cp312-manylinux2014_x86_64.manylinux_2_17_x86_64.manylinux_2_28_x86_64.whl | chardet-7.4.3-cp312-cp312-manylinux2014_x86_64.manylinux_2_17_x86_64.manylinux_2_28_x86_64.whl | click-8.4.2-py3-none-any.whl | ctc_model/ctc/config.yaml | ctc_model/ctc/model.pt | ctc_model/ctc/train_config.yaml | dask-2026.7.1-py3-none-any.whl,"{"".pt"": 1, "".whl"": 21, "".yaml"": 2}",not a raw microscopy dataset,not applicable,2D/3D-capable package,yes-capable,weights/wheels/software,high,metadata/reproducibility reference only pending rule review,false,DO_NOT_USE_PENDING_RULE_REVIEW,"software/model packaging, not external raw labels",METADATA_ONLY,research/20260903_BIOHUB_CELL_PUBLIC_RECON_V01/staging/community_history_data/evidence/browser_dataset_page_reads.jsonl,selection=Trackastra offline package and CTC model; cli_metadata_exit=0; cli_files_exit=0; browser_evidence=evidence/browser_dataset_page_reads.jsonl; no content downloaded
dataset_page_subinium_trackastra_weights_mirror,subinium/biohub-trackastra-public-weights-mirror,https://www.kaggle.com/datasets/subinium/biohub-trackastra-public-weights-mirror,Biohub Trackastra Public Weights Mirror,UNKNOWN,UNKNOWN; browser page only gave relative age where visible,262.47 MB (browser page),other,0.375,UNKNOWN,65,observed_count=16; complete=True; examples=ctc/config.yaml | ctc/model.pt | ctc/train_config.yaml | general_2d/config.yaml | general_2d/model.pt | general_2d/train_config.yaml | manifest.json | packages/donfig-0.8.1.post1-py3-none-any.whl,"{"".json"": 1, "".pt"": 2, "".whl"": 9, "".yaml"": 4}",not a raw microscopy dataset,not applicable,2D/3D-capable package,yes-capable,weights/wheels/software,high,metadata/reproducibility reference only pending rule review,false,DO_NOT_USE_PENDING_RULE_REVIEW,"software/model packaging, not external raw labels",FULL_PAGE_BODY_READ,research/20260903_BIOHUB_CELL_PUBLIC_RECON_V01/staging/community_history_data/evidence/browser_dataset_page_reads.jsonl,selection=competition Trackastra weight mirror; cli_metadata_exit=0; cli_files_exit=0; browser_evidence=evidence/browser_dataset_page_reads.jsonl; no content downloaded
dataset_page_varonvictormiranda_ultrack_offline_min,varonvictormiranda/ultrack-offline-min,https://www.kaggle.com/datasets/varonvictormiranda/ultrack-offline-min,ultrack-offline-min,UNKNOWN,UNKNOWN; browser page only gave relative age where visible,537.39 MB (browser page),CC0-1.0,0.25,UNKNOWN,1,observed_count=167; complete=True; examples=HeapDict-1.0.1-py3-none-any.whl | QtPy-2.4.3-py3-none-any.whl | aiobotocore-3.7.0-py3-none-any.whl | aiohappyeyeballs-2.7.1-py3-none-any.whl | aiohttp-3.14.1-cp312-cp312-manylinux2014_x86_64.manylinux_2_17_x86_64.manylinux_2_28_x86_64.whl | aioitertools-0.13.0-py3-none-any.whl | aiosignal-1.4.0-py3-none-any.whl | annotated_doc-0.0.4-py3-none-any.whl,"{"".whl"": 167}",not a raw microscopy dataset,not applicable,2D/3D-capable package,yes-capable,weights/wheels/software,high,metadata/reproducibility reference only pending rule review,false,DO_NOT_USE_PENDING_RULE_REVIEW,"software/model packaging, not external raw labels",FULL_PAGE_BODY_READ,research/20260903_BIOHUB_CELL_PUBLIC_RECON_V01/staging/community_history_data/evidence/browser_dataset_page_reads.jsonl,selection=Ultrack offline package; cli_metadata_exit=0; cli_files_exit=0; browser_evidence=evidence/browser_dataset_page_reads.jsonl; no content downloaded
dataset_page_remy_ecoli_tracking_gnn,remylivecellimaging/e-coli-cells-tracking-dataset-for-gnn,https://www.kaggle.com/datasets/remylivecellimaging/e-coli-cells-tracking-dataset-for-gnn,E.coli cells tracking dataset for GNN,UNKNOWN,UNKNOWN; browser page only gave relative age where visible,observed_file_bytes=1003743448; may be partial,unknown,0.4375,UNKNOWN,28,observed_count=152; complete=True; examples=train/20230305_WT_s005_roi1matrix_corr.npy | train/20230305_WT_s008_roi1matrix_corr.npy | train/20230305_WT_s010_roi2matrix_corr.npy | train/20230305_WT_s011_roi0matrix_corr.npy | train/20230305_WT_s021_roi2matrix_corr.npy | train/20230305_WT_s027_roi1matrix_corr.npy | train/20230305_WT_s030_roi2matrix_corr.npy | train/20230305_WT_s039_roi2matrix_corr.npy,"{"".npy"": 152}",fluorescence time-lapse,E. coli,2D,yes,images + adjacency graph,medium,metadata/reproducibility reference only pending rule review,false,DO_NOT_USE_PENDING_RULE_REVIEW,2D organism/domain mismatch; graph labels conceptually relevant,FULL_PAGE_BODY_READ,research/20260903_BIOHUB_CELL_PUBLIC_RECON_V01/staging/community_history_data/evidence/browser_dataset_page_reads.jsonl,selection=true cell-tracking data for GNN; cli_metadata_exit=0; cli_files_exit=0; browser_evidence=evidence/browser_dataset_page_reads.jsonl; no content downloaded
dataset_page_vyshnav_zebrafish_embryonic_development,vyshnavveeravalli/zebrafish-embryonic-development,https://www.kaggle.com/datasets/vyshnavveeravalli/zebrafish-embryonic-development,zebrafish_embryonic_development,UNKNOWN,UNKNOWN; browser page only gave relative age where visible,998.27 MB (browser page),unknown,0.125,2,10,observed_count=0; complete=False,{},unknown,zebrafish embryo,unknown,unknown,unknown,medium,metadata/reproducibility reference only pending rule review,false,DO_NOT_USE_PENDING_RULE_REVIEW,biological domain match but provenance/labels absent,FULL_PAGE_BODY_READ,research/20260903_BIOHUB_CELL_PUBLIC_RECON_V01/staging/community_history_data/evidence/browser_dataset_page_reads.jsonl,selection=zebrafish embryo data; cli_metadata_exit=0; cli_files_exit=1; browser_evidence=evidence/browser_dataset_page_reads.jsonl; no content downloaded
dataset_page_kkunizaw_biohub_zh001r,kkunizaw/biohub-zh001r,https://www.kaggle.com/datasets/kkunizaw/biohub-zh001r,biohub-zh001r,UNKNOWN,UNKNOWN; browser page only gave relative age where visible,764.36 MB (browser page),UNKNOWN,UNKNOWN,UNKNOWN,UNKNOWN,observed_count=0; complete=False,{},light-sheet / Zebrahub-derived (page claim),zebrafish embryo,3D,page implies crops; time unclear,real-label crops / nodes,very high,metadata/reproducibility reference only pending rule review,false,DO_NOT_USE_PENDING_RULE_REVIEW,possible same-source labels; leakage review mandatory,FULL_PAGE_BODY_READ,research/20260903_BIOHUB_CELL_PUBLIC_RECON_V01/staging/community_history_data/evidence/browser_dataset_page_reads.jsonl,selection=Biohub/Zebrahub-named artifact; cli_metadata_exit=1; cli_files_exit=1; browser_evidence=evidence/browser_dataset_page_reads.jsonl; no content downloaded
dataset_page_haashaatif_fuse_my_cells_part_01,haashaatif/fuse-my-cells-part-01,https://www.kaggle.com/datasets/haashaatif/fuse-my-cells-part-01,Fuse My Cells-Part-01,UNKNOWN,UNKNOWN; browser page only gave relative age where visible,observed_file_bytes=0; may be partial,CC-BY-SA-4.0,0.8125,UNKNOWN,75,observed_count=0; complete=False,{},multi-view light-sheet,biological specimens,3D,not established,fused volumes,medium,metadata/reproducibility reference only pending rule review,false,DO_NOT_USE_PENDING_RULE_REVIEW,imaging-domain only; no tracking labels,FULL_PAGE_BODY_READ,research/20260903_BIOHUB_CELL_PUBLIC_RECON_V01/staging/community_history_data/evidence/browser_dataset_page_reads.jsonl,selection=3D light-sheet cell data part 1; cli_metadata_exit=0; cli_files_exit=1; browser_evidence=evidence/browser_dataset_page_reads.jsonl; no content downloaded
dataset_page_kmader_electron_microscopy_3d_segmentation,kmader/electron-microscopy-3d-segmentation,https://www.kaggle.com/datasets/kmader/electron-microscopy-3d-segmentation,Electron Microscopy 3D Segmentation,UNKNOWN,UNKNOWN; browser page only gave relative age where visible,observed_file_bytes=0; may be partial,UNKNOWN,UNKNOWN,UNKNOWN,UNKNOWN,observed_count=0; complete=False,{},electron microscopy,mouse brain tissue,3D,no,segmentation masks,medium,metadata/reproducibility reference only pending rule review,false,DO_NOT_USE_PENDING_RULE_REVIEW,3D segmentation only; no time or lineage,FULL_PAGE_BODY_READ,research/20260903_BIOHUB_CELL_PUBLIC_RECON_V01/staging/community_history_data/evidence/browser_dataset_page_reads.jsonl,selection=historical 3D microscopy segmentation data; cli_metadata_exit=1; cli_files_exit=1; browser_evidence=evidence/browser_dataset_page_reads.jsonl; no content downloaded
dataset_page_rudispresence_stardist_bayesian_assets,rudispresence/biohub-embryo-stardist-bayesian-assets,https://www.kaggle.com/datasets/rudispresence/biohub-embryo-stardist-bayesian-assets,Biohub Embryo StarDist Bayesian Lineage Assets,UNKNOWN,UNKNOWN; browser page only gave relative age where visible,37.65 MB (browser page),UNKNOWN,UNKNOWN,UNKNOWN,UNKNOWN,observed_count=0; complete=False,{},3D fluorescence light-sheet or competition artifact,zebrafish embryo / not applicable,3D,yes,"GEFF graph, weights, code, notebook or submission artifacts",very high,metadata/reproducibility reference only pending rule review,false,DO_NOT_USE_PENDING_RULE_REVIEW,current-competition-derived; rule and leakage review mandatory,FULL_PAGE_BODY_READ,research/20260903_BIOHUB_CELL_PUBLIC_RECON_V01/staging/community_history_data/evidence/browser_dataset_page_reads.jsonl,selection=competition StarDist lineage assets; cli_metadata_exit=1; cli_files_exit=1; browser_evidence=evidence/browser_dataset_page_reads.jsonl; no content downloaded
dataset_page_felipeporcher_trackastra,felipeporcher/trackastra,https://www.kaggle.com/datasets/felipeporcher/trackastra,trackastra,UNKNOWN,UNKNOWN; browser page only gave relative age where visible,109.91 MB (browser page),UNKNOWN,UNKNOWN,UNKNOWN,UNKNOWN,observed_count=0; complete=False,{},not a raw microscopy dataset,not applicable,2D/3D-capable package,yes-capable,weights/wheels/software,high,metadata/reproducibility reference only pending rule review,false,DO_NOT_USE_PENDING_RULE_REVIEW,"software/model packaging, not external raw labels",FULL_PAGE_BODY_READ,research/20260903_BIOHUB_CELL_PUBLIC_RECON_V01/staging/community_history_data/evidence/browser_dataset_page_reads.jsonl,selection=Trackastra package/model artifact; cli_metadata_exit=1; cli_files_exit=1; browser_evidence=evidence/browser_dataset_page_reads.jsonl; no content downloaded
dataset_candidate_justinkim1216_biohub_nnunet_flow_support_v1,justinkim1216/biohub-nnunet-flow-support-v1,https://www.kaggle.com/datasets/justinkim1216/biohub-nnunet-flow-support-v1,biohub-nnunet-flow-support-v1,UNKNOWN,UNKNOWN; browser page only gave relative age where visible,observed_file_bytes=0; may be partial,UNKNOWN,UNKNOWN,UNKNOWN,UNKNOWN,observed_count=0; complete=False,{},3D fluorescence light-sheet or competition artifact,zebrafish embryo / not applicable,3D,yes,"GEFF graph, weights, code, notebook or submission artifacts",very high,metadata/reproducibility reference only pending rule review,false,DO_NOT_USE_PENDING_RULE_REVIEW,current-competition-derived; rule and leakage review mandatory,RATE_LIMITED,research/20260903_BIOHUB_CELL_PUBLIC_RECON_V01/staging/community_history_data/dataset_detail_records.json,selection=competition flow support pack; cli_metadata_exit=1; cli_files_exit=1; browser_evidence=NOT_RUN; no content downloaded
dataset_candidate_eliork_biohub_geff_label_bundle_v1,eliork/biohub-geff-label-bundle-v1,https://www.kaggle.com/datasets/eliork/biohub-geff-label-bundle-v1,biohub-geff-label-bundle-v1,UNKNOWN,UNKNOWN; browser page only gave relative age where visible,observed_file_bytes=0; may be partial,UNKNOWN,UNKNOWN,UNKNOWN,UNKNOWN,observed_count=0; complete=False,{},3D fluorescence light-sheet or competition artifact,zebrafish embryo / not applicable,3D,yes,"GEFF graph, weights, code, notebook or submission artifacts",very high,metadata/reproducibility reference only pending rule review,false,DO_NOT_USE_PENDING_RULE_REVIEW,current-competition-derived; rule and leakage review mandatory,RATE_LIMITED,research/20260903_BIOHUB_CELL_PUBLIC_RECON_V01/staging/community_history_data/dataset_detail_records.json,selection=competition GEFF label bundle; cli_metadata_exit=1; cli_files_exit=1; browser_evidence=NOT_RUN; no content downloaded
dataset_candidate_engadamalmohammedi_biohub_full_eda,engadamalmohammedi/biohub-full-eda,https://www.kaggle.com/datasets/engadamalmohammedi/biohub-full-eda,biohub-full-eda,UNKNOWN,UNKNOWN; browser page only gave relative age where visible,observed_file_bytes=0; may be partial,UNKNOWN,UNKNOWN,UNKNOWN,UNKNOWN,observed_count=0; complete=False,{},3D fluorescence light-sheet or competition artifact,zebrafish embryo / not applicable,3D,yes,"GEFF graph, weights, code, notebook or submission artifacts",very high,metadata/reproducibility reference only pending rule review,false,DO_NOT_USE_PENDING_RULE_REVIEW,current-competition-derived; rule and leakage review mandatory,RATE_LIMITED,research/20260903_BIOHUB_CELL_PUBLIC_RECON_V01/staging/community_history_data/dataset_detail_records.json,selection=competition EDA artifact; cli_metadata_exit=1; cli_files_exit=1; browser_evidence=NOT_RUN; no content downloaded
dataset_candidate_t2better_biohub_audit_code_v1,t2better/biohub-audit-code-v1,https://www.kaggle.com/datasets/t2better/biohub-audit-code-v1,biohub-audit-code-v1,UNKNOWN,UNKNOWN; browser page only gave relative age where visible,observed_file_bytes=0; may be partial,UNKNOWN,UNKNOWN,UNKNOWN,UNKNOWN,observed_count=0; complete=False,{},3D fluorescence light-sheet or competition artifact,zebrafish embryo / not applicable,3D,yes,"GEFF graph, weights, code, notebook or submission artifacts",very high,metadata/reproducibility reference only pending rule review,false,DO_NOT_USE_PENDING_RULE_REVIEW,current-competition-derived; rule and leakage review mandatory,RATE_LIMITED,research/20260903_BIOHUB_CELL_PUBLIC_RECON_V01/staging/community_history_data/dataset_detail_records.json,selection=competition evaluation audit code; cli_metadata_exit=1; cli_files_exit=1; browser_evidence=NOT_RUN; no content downloaded
dataset_candidate_rudispresence_biohub_stabledet_hoct_runtime,rudispresence/biohub-stabledet-hoct-runtime,https://www.kaggle.com/datasets/rudispresence/biohub-stabledet-hoct-runtime,biohub-stabledet-hoct-runtime,UNKNOWN,UNKNOWN; browser page only gave relative age where visible,observed_file_bytes=0; may be partial,UNKNOWN,UNKNOWN,UNKNOWN,UNKNOWN,observed_count=0; complete=False,{},3D fluorescence light-sheet or competition artifact,zebrafish embryo / not applicable,3D,yes,"GEFF graph, weights, code, notebook or submission artifacts",very high,metadata/reproducibility reference only pending rule review,false,DO_NOT_USE_PENDING_RULE_REVIEW,current-competition-derived; rule and leakage review mandatory,RATE_LIMITED,research/20260903_BIOHUB_CELL_PUBLIC_RECON_V01/staging/community_history_data/dataset_detail_records.json,selection=competition runtime with GEFF/tracksdata; cli_metadata_exit=1; cli_files_exit=1; browser_evidence=NOT_RUN; no content downloaded
