claim_id,report_section,claim_text,claim_type,source_ids,evidence_paths,direct_or_inference,confidence,conflict_present,conflict_notes
community_current_issue,Reddit and community,A Reddit user reported Biohub submission/save/score delays up to nearly a day.,COMMUNITY_REPORT,reddit_biohub_submission_issue,research/20260903_BIOHUB_CELL_PUBLIC_RECON_V01/staging/community_history_data/evidence/browser_reddit_science_history_reads.jsonl,direct community report,low for platform-wide behavior,false,No official confirmation.
ctc_metrics,Scientific sources,"CTC separates detection, tracking/linking and biological measures; OP_CTB combines SEG and TRA.",OFFICIAL_FACT,ctc_evaluation,research/20260903_BIOHUB_CELL_PUBLIC_RECON_V01/staging/community_history_data/evidence/browser_reddit_science_history_reads.jsonl,direct,high,false,Different from current Kaggle metric.
ctc_annotations,Scientific sources,CTC gold and silver annotations trade spatial coverage against annotation quality.,OFFICIAL_FACT,ctc_annotations,research/20260903_BIOHUB_CELL_PUBLIC_RECON_V01/staging/community_history_data/evidence/browser_reddit_science_history_reads.jsonl,direct,high,false,None.
zebrahub_context,Scientific sources,Zebrahub combines single-cell sequencing and light-sheet lineage reconstruction in a developmental atlas.,OFFICIAL_FACT,zebrahub_pubmed | biohub_royer,research/20260903_BIOHUB_CELL_PUBLIC_RECON_V01/staging/community_history_data/evidence/browser_reddit_science_history_reads.jsonl,direct synthesis,high,false,Does not prove Kaggle reuse permission.
ultrack_scope,Scientific sources,"Ultrack supports 2D/3D tracking through segmentation hypotheses, linking and global solving.",OFFICIAL_FACT,ultrack_docs,research/20260903_BIOHUB_CELL_PUBLIC_RECON_V01/staging/community_history_data/evidence/browser_reddit_science_history_reads.jsonl,direct,high,false,Biohub performance unmeasured.
trackastra_scope,Scientific sources,Trackastra predicts temporal associations and supports division given segmentations or detections.,SOURCE_CODE_VERIFIED,trackastra_arxiv | trackastra_github,research/20260903_BIOHUB_CELL_PUBLIC_RECON_V01/staging/community_history_data/evidence/browser_reddit_science_history_reads.jsonl,direct synthesis,high for documented scope,false,No current-competition CV.
geff_structure,Scientific sources,"GEFF represents tracking graphs in Zarr groups for node and edge IDs, properties and axis metadata.",OFFICIAL_FACT,geff_spec,research/20260903_BIOHUB_CELL_PUBLIC_RECON_V01/staging/community_history_data/evidence/browser_reddit_science_history_reads.jsonl,direct,high,false,None.
history_3d_transfer,Similar Kaggle competitions,"CZII and BYU are the closest historical Kaggle evidence for 3D point localization, but neither models time or division.",INFERENCE,hist_czii | hist_czii_writeup | hist_byu | hist_byu_writeup,research/20260903_BIOHUB_CELL_PUBLIC_RECON_V01/staging/community_history_data/evidence/browser_reddit_science_history_reads.jsonl,inference from direct comparisons,medium-high,false,"Requires temporal, GEFF and graph-metric adaptation."
dataset_deep_count,Kaggle Datasets,28 Kaggle Dataset pages had visible main regions fully read; 2 additional pages were blocked.,MEASURED,dataset_page_dalloliogm_biohub_official_scorer_patched | dataset_page_busyaprime_biohub_local_scoring_support_pack,research/20260903_BIOHUB_CELL_PUBLIC_RECON_V01/staging/community_history_data/evidence/browser_dataset_page_reads.jsonl,measured count over evidence file,high,false,Source IDs listed are anchors; count covers full evidence file.
dataset_eligibility,External data legality,No Dataset candidate in this subtask completed rule-eligibility and leakage review.,MEASURED,dataset_page_kms111201_full_data | dataset_page_kkunizaw_biohub_zh001r,research/20260903_BIOHUB_CELL_PUBLIC_RECON_V01/staging/community_history_data/evidence/browser_dataset_page_reads.jsonl,scope ledger,high,false,All rows marked DO_NOT_USE_PENDING_RULE_REVIEW.
