query_id,category,platform,query,sort_order,result_page,reported_total,actually_obtained,unique_after_dedupe,deep_read_count,access_time_utc,access_time_singapore,status,evidence_path,notes
kaggle_dataset_001,kaggle_datasets,Kaggle Datasets CLI,biohub,hottest_default,1,UNKNOWN,20,computed globally: 185,28,2026-09-03T08:03:41.868286+00:00,2026-09-03T16:03:41.868286+08:00,SUCCESS,research/20260903_BIOHUB_CELL_PUBLIC_RECON_V01/staging/community_history_data/evidence/kaggle_cli/dataset_search/biohub_p1.json,Search-result metadata only.
kaggle_dataset_002,kaggle_datasets,Kaggle Datasets CLI,biohub,hottest_default,2,UNKNOWN,20,computed globally: 185,28,2026-09-03T08:03:41.589051+00:00,2026-09-03T16:03:41.589051+08:00,SUCCESS,research/20260903_BIOHUB_CELL_PUBLIC_RECON_V01/staging/community_history_data/evidence/kaggle_cli/dataset_search/biohub_p2.json,Search-result metadata only.
kaggle_dataset_003,kaggle_datasets,Kaggle Datasets CLI,cell tracking,hottest_default,1,UNKNOWN,20,computed globally: 185,28,2026-09-03T08:03:40.624593+00:00,2026-09-03T16:03:40.624593+08:00,SUCCESS,research/20260903_BIOHUB_CELL_PUBLIC_RECON_V01/staging/community_history_data/evidence/kaggle_cli/dataset_search/cell_tracking_p1.json,Search-result metadata only.
kaggle_dataset_004,kaggle_datasets,Kaggle Datasets CLI,cell tracking,hottest_default,2,UNKNOWN,20,computed globally: 185,28,2026-09-03T08:03:40.899711+00:00,2026-09-03T16:03:40.899711+08:00,SUCCESS,research/20260903_BIOHUB_CELL_PUBLIC_RECON_V01/staging/community_history_data/evidence/kaggle_cli/dataset_search/cell_tracking_p2.json,Search-result metadata only.
kaggle_dataset_005,kaggle_datasets,Kaggle Datasets CLI,zebrafish cell tracking,hottest_default,1,UNKNOWN,1,computed globally: 185,28,2026-09-03T08:03:46.843431+00:00,2026-09-03T16:03:46.843431+08:00,SUCCESS,research/20260903_BIOHUB_CELL_PUBLIC_RECON_V01/staging/community_history_data/evidence/kaggle_cli/dataset_search/zebrafish_cell_tracking_p1.json,Search-result metadata only.
kaggle_dataset_006,kaggle_datasets,Kaggle Datasets CLI,zebrafish cell tracking,hottest_default,2,UNKNOWN,0,computed globally: 185,28,2026-09-03T08:03:46.144515+00:00,2026-09-03T16:03:46.144515+08:00,SUCCESS,research/20260903_BIOHUB_CELL_PUBLIC_RECON_V01/staging/community_history_data/evidence/kaggle_cli/dataset_search/zebrafish_cell_tracking_p2.json,"No content downloaded; 15 page-2 responses said No datasets found and are empty, not errors."
kaggle_dataset_007,kaggle_datasets,Kaggle Datasets CLI,zebrafish embryo,hottest_default,1,UNKNOWN,1,computed globally: 185,28,2026-09-03T08:03:46.467604+00:00,2026-09-03T16:03:46.467604+08:00,SUCCESS,research/20260903_BIOHUB_CELL_PUBLIC_RECON_V01/staging/community_history_data/evidence/kaggle_cli/dataset_search/zebrafish_embryo_p1.json,Search-result metadata only.
kaggle_dataset_008,kaggle_datasets,Kaggle Datasets CLI,zebrafish embryo,hottest_default,2,UNKNOWN,0,computed globally: 185,28,2026-09-03T08:03:47.664527+00:00,2026-09-03T16:03:47.664527+08:00,SUCCESS,research/20260903_BIOHUB_CELL_PUBLIC_RECON_V01/staging/community_history_data/evidence/kaggle_cli/dataset_search/zebrafish_embryo_p2.json,"No content downloaded; 15 page-2 responses said No datasets found and are empty, not errors."
kaggle_dataset_009,kaggle_datasets,Kaggle Datasets CLI,Zebrahub,hottest_default,1,UNKNOWN,1,computed globally: 185,28,2026-09-03T08:03:49.799337+00:00,2026-09-03T16:03:49.799337+08:00,SUCCESS,research/20260903_BIOHUB_CELL_PUBLIC_RECON_V01/staging/community_history_data/evidence/kaggle_cli/dataset_search/zebrahub_p1.json,Search-result metadata only.
kaggle_dataset_010,kaggle_datasets,Kaggle Datasets CLI,Zebrahub,hottest_default,2,UNKNOWN,0,computed globally: 185,28,2026-09-03T08:03:48.927582+00:00,2026-09-03T16:03:48.927582+08:00,SUCCESS,research/20260903_BIOHUB_CELL_PUBLIC_RECON_V01/staging/community_history_data/evidence/kaggle_cli/dataset_search/zebrahub_p2.json,"No content downloaded; 15 page-2 responses said No datasets found and are empty, not errors."
kaggle_dataset_011,kaggle_datasets,Kaggle Datasets CLI,3D microscopy,hottest_default,1,UNKNOWN,19,computed globally: 185,28,2026-09-03T08:03:50.005637+00:00,2026-09-03T16:03:50.005637+08:00,SUCCESS,research/20260903_BIOHUB_CELL_PUBLIC_RECON_V01/staging/community_history_data/evidence/kaggle_cli/dataset_search/3d_microscopy_p1.json,Search-result metadata only.
kaggle_dataset_012,kaggle_datasets,Kaggle Datasets CLI,3D microscopy,hottest_default,2,UNKNOWN,0,computed globally: 185,28,2026-09-03T08:03:50.432066+00:00,2026-09-03T16:03:50.432066+08:00,SUCCESS,research/20260903_BIOHUB_CELL_PUBLIC_RECON_V01/staging/community_history_data/evidence/kaggle_cli/dataset_search/3d_microscopy_p2.json,"No content downloaded; 15 page-2 responses said No datasets found and are empty, not errors."
kaggle_dataset_013,kaggle_datasets,Kaggle Datasets CLI,4D microscopy,hottest_default,1,UNKNOWN,1,computed globally: 185,28,2026-09-03T08:03:51.789605+00:00,2026-09-03T16:03:51.789605+08:00,SUCCESS,research/20260903_BIOHUB_CELL_PUBLIC_RECON_V01/staging/community_history_data/evidence/kaggle_cli/dataset_search/4d_microscopy_p1.json,Search-result metadata only.
kaggle_dataset_014,kaggle_datasets,Kaggle Datasets CLI,4D microscopy,hottest_default,2,UNKNOWN,0,computed globally: 185,28,2026-09-03T08:03:55.621438+00:00,2026-09-03T16:03:55.621438+08:00,SUCCESS,research/20260903_BIOHUB_CELL_PUBLIC_RECON_V01/staging/community_history_data/evidence/kaggle_cli/dataset_search/4d_microscopy_p2.json,"No content downloaded; 15 page-2 responses said No datasets found and are empty, not errors."
kaggle_dataset_015,kaggle_datasets,Kaggle Datasets CLI,time lapse microscopy,hottest_default,1,UNKNOWN,1,computed globally: 185,28,2026-09-03T08:03:54.980441+00:00,2026-09-03T16:03:54.980441+08:00,SUCCESS,research/20260903_BIOHUB_CELL_PUBLIC_RECON_V01/staging/community_history_data/evidence/kaggle_cli/dataset_search/time_lapse_microscopy_p1.json,Search-result metadata only.
kaggle_dataset_016,kaggle_datasets,Kaggle Datasets CLI,time lapse microscopy,hottest_default,2,UNKNOWN,0,computed globally: 185,28,2026-09-03T08:03:55.561671+00:00,2026-09-03T16:03:55.561671+08:00,SUCCESS,research/20260903_BIOHUB_CELL_PUBLIC_RECON_V01/staging/community_history_data/evidence/kaggle_cli/dataset_search/time_lapse_microscopy_p2.json,"No content downloaded; 15 page-2 responses said No datasets found and are empty, not errors."
kaggle_dataset_017,kaggle_datasets,Kaggle Datasets CLI,fluorescent nuclei,hottest_default,1,UNKNOWN,2,computed globally: 185,28,2026-09-03T08:03:57.427147+00:00,2026-09-03T16:03:57.427147+08:00,SUCCESS,research/20260903_BIOHUB_CELL_PUBLIC_RECON_V01/staging/community_history_data/evidence/kaggle_cli/dataset_search/fluorescent_nuclei_p1.json,Search-result metadata only.
kaggle_dataset_018,kaggle_datasets,Kaggle Datasets CLI,fluorescent nuclei,hottest_default,2,UNKNOWN,0,computed globally: 185,28,2026-09-03T08:03:58.736510+00:00,2026-09-03T16:03:58.736510+08:00,SUCCESS,research/20260903_BIOHUB_CELL_PUBLIC_RECON_V01/staging/community_history_data/evidence/kaggle_cli/dataset_search/fluorescent_nuclei_p2.json,"No content downloaded; 15 page-2 responses said No datasets found and are empty, not errors."
kaggle_dataset_019,kaggle_datasets,Kaggle Datasets CLI,cell lineage,hottest_default,1,UNKNOWN,20,computed globally: 185,28,2026-09-03T08:03:59.003857+00:00,2026-09-03T16:03:59.003857+08:00,SUCCESS,research/20260903_BIOHUB_CELL_PUBLIC_RECON_V01/staging/community_history_data/evidence/kaggle_cli/dataset_search/cell_lineage_p1.json,Search-result metadata only.
kaggle_dataset_020,kaggle_datasets,Kaggle Datasets CLI,cell lineage,hottest_default,2,UNKNOWN,7,computed globally: 185,28,2026-09-03T08:03:58.296370+00:00,2026-09-03T16:03:58.296370+08:00,SUCCESS,research/20260903_BIOHUB_CELL_PUBLIC_RECON_V01/staging/community_history_data/evidence/kaggle_cli/dataset_search/cell_lineage_p2.json,Search-result metadata only.
kaggle_dataset_021,kaggle_datasets,Kaggle Datasets CLI,Cell Tracking Challenge,hottest_default,1,UNKNOWN,5,computed globally: 185,28,2026-09-03T08:04:00.142253+00:00,2026-09-03T16:04:00.142253+08:00,SUCCESS,research/20260903_BIOHUB_CELL_PUBLIC_RECON_V01/staging/community_history_data/evidence/kaggle_cli/dataset_search/cell_tracking_challenge_p1.json,Search-result metadata only.
kaggle_dataset_022,kaggle_datasets,Kaggle Datasets CLI,Cell Tracking Challenge,hottest_default,2,UNKNOWN,0,computed globally: 185,28,2026-09-03T08:04:00.142504+00:00,2026-09-03T16:04:00.142504+08:00,SUCCESS,research/20260903_BIOHUB_CELL_PUBLIC_RECON_V01/staging/community_history_data/evidence/kaggle_cli/dataset_search/cell_tracking_challenge_p2.json,"No content downloaded; 15 page-2 responses said No datasets found and are empty, not errors."
kaggle_dataset_023,kaggle_datasets,Kaggle Datasets CLI,OME-Zarr,hottest_default,1,UNKNOWN,2,computed globally: 185,28,2026-09-03T08:04:00.636224+00:00,2026-09-03T16:04:00.636224+08:00,SUCCESS,research/20260903_BIOHUB_CELL_PUBLIC_RECON_V01/staging/community_history_data/evidence/kaggle_cli/dataset_search/ome_zarr_p1.json,Search-result metadata only.
kaggle_dataset_024,kaggle_datasets,Kaggle Datasets CLI,OME-Zarr,hottest_default,2,UNKNOWN,0,computed globally: 185,28,2026-09-03T08:04:01.694261+00:00,2026-09-03T16:04:01.694261+08:00,SUCCESS,research/20260903_BIOHUB_CELL_PUBLIC_RECON_V01/staging/community_history_data/evidence/kaggle_cli/dataset_search/ome_zarr_p2.json,"No content downloaded; 15 page-2 responses said No datasets found and are empty, not errors."
kaggle_dataset_025,kaggle_datasets,Kaggle Datasets CLI,GEFF,hottest_default,1,UNKNOWN,20,computed globally: 185,28,2026-09-03T08:04:02.168872+00:00,2026-09-03T16:04:02.168872+08:00,SUCCESS,research/20260903_BIOHUB_CELL_PUBLIC_RECON_V01/staging/community_history_data/evidence/kaggle_cli/dataset_search/geff_p1.json,Search-result metadata only.
kaggle_dataset_026,kaggle_datasets,Kaggle Datasets CLI,GEFF,hottest_default,2,UNKNOWN,14,computed globally: 185,28,2026-09-03T08:04:02.864574+00:00,2026-09-03T16:04:02.864574+08:00,SUCCESS,research/20260903_BIOHUB_CELL_PUBLIC_RECON_V01/staging/community_history_data/evidence/kaggle_cli/dataset_search/geff_p2.json,Search-result metadata only.
kaggle_dataset_027,kaggle_datasets,Kaggle Datasets CLI,tracksdata,hottest_default,1,UNKNOWN,6,computed globally: 185,28,2026-09-03T08:04:02.619723+00:00,2026-09-03T16:04:02.619723+08:00,SUCCESS,research/20260903_BIOHUB_CELL_PUBLIC_RECON_V01/staging/community_history_data/evidence/kaggle_cli/dataset_search/tracksdata_p1.json,Search-result metadata only.
kaggle_dataset_028,kaggle_datasets,Kaggle Datasets CLI,tracksdata,hottest_default,2,UNKNOWN,0,computed globally: 185,28,2026-09-03T08:04:04.734699+00:00,2026-09-03T16:04:04.734699+08:00,SUCCESS,research/20260903_BIOHUB_CELL_PUBLIC_RECON_V01/staging/community_history_data/evidence/kaggle_cli/dataset_search/tracksdata_p2.json,"No content downloaded; 15 page-2 responses said No datasets found and are empty, not errors."
kaggle_dataset_029,kaggle_datasets,Kaggle Datasets CLI,Ultrack,hottest_default,1,UNKNOWN,2,computed globally: 185,28,2026-09-03T08:04:05.317968+00:00,2026-09-03T16:04:05.317968+08:00,SUCCESS,research/20260903_BIOHUB_CELL_PUBLIC_RECON_V01/staging/community_history_data/evidence/kaggle_cli/dataset_search/ultrack_p1.json,Search-result metadata only.
kaggle_dataset_030,kaggle_datasets,Kaggle Datasets CLI,Ultrack,hottest_default,2,UNKNOWN,0,computed globally: 185,28,2026-09-03T08:04:05.727008+00:00,2026-09-03T16:04:05.727008+08:00,SUCCESS,research/20260903_BIOHUB_CELL_PUBLIC_RECON_V01/staging/community_history_data/evidence/kaggle_cli/dataset_search/ultrack_p2.json,"No content downloaded; 15 page-2 responses said No datasets found and are empty, not errors."
kaggle_dataset_031,kaggle_datasets,Kaggle Datasets CLI,Trackastra,hottest_default,1,UNKNOWN,3,computed globally: 185,28,2026-09-03T08:04:05.470861+00:00,2026-09-03T16:04:05.470861+08:00,SUCCESS,research/20260903_BIOHUB_CELL_PUBLIC_RECON_V01/staging/community_history_data/evidence/kaggle_cli/dataset_search/trackastra_p1.json,Search-result metadata only.
kaggle_dataset_032,kaggle_datasets,Kaggle Datasets CLI,Trackastra,hottest_default,2,UNKNOWN,0,computed globally: 185,28,2026-09-03T08:04:07.231086+00:00,2026-09-03T16:04:07.231086+08:00,SUCCESS,research/20260903_BIOHUB_CELL_PUBLIC_RECON_V01/staging/community_history_data/evidence/kaggle_cli/dataset_search/trackastra_p2.json,"No content downloaded; 15 page-2 responses said No datasets found and are empty, not errors."
kaggle_dataset_033,kaggle_datasets,Kaggle Datasets CLI,Cellpose,hottest_default,1,UNKNOWN,20,computed globally: 185,28,2026-09-03T08:04:08.330962+00:00,2026-09-03T16:04:08.330962+08:00,SUCCESS,research/20260903_BIOHUB_CELL_PUBLIC_RECON_V01/staging/community_history_data/evidence/kaggle_cli/dataset_search/cellpose_p1.json,Search-result metadata only.
kaggle_dataset_034,kaggle_datasets,Kaggle Datasets CLI,Cellpose,hottest_default,2,UNKNOWN,20,computed globally: 185,28,2026-09-03T08:04:08.340701+00:00,2026-09-03T16:04:08.340701+08:00,SUCCESS,research/20260903_BIOHUB_CELL_PUBLIC_RECON_V01/staging/community_history_data/evidence/kaggle_cli/dataset_search/cellpose_p2.json,Search-result metadata only.
kaggle_dataset_035,kaggle_datasets,Kaggle Datasets CLI,StarDist,hottest_default,1,UNKNOWN,6,computed globally: 185,28,2026-09-03T08:04:08.200814+00:00,2026-09-03T16:04:08.200814+08:00,SUCCESS,research/20260903_BIOHUB_CELL_PUBLIC_RECON_V01/staging/community_history_data/evidence/kaggle_cli/dataset_search/stardist_p1.json,Search-result metadata only.
kaggle_dataset_036,kaggle_datasets,Kaggle Datasets CLI,StarDist,hottest_default,2,UNKNOWN,0,computed globally: 185,28,2026-09-03T08:04:09.858820+00:00,2026-09-03T16:04:09.858820+08:00,SUCCESS,research/20260903_BIOHUB_CELL_PUBLIC_RECON_V01/staging/community_history_data/evidence/kaggle_cli/dataset_search/stardist_p2.json,"No content downloaded; 15 page-2 responses said No datasets found and are empty, not errors."
kaggle_dataset_037,kaggle_datasets,Kaggle Datasets CLI,nuclei tracking,hottest_default,1,UNKNOWN,2,computed globally: 185,28,2026-09-03T08:04:10.901089+00:00,2026-09-03T16:04:10.901089+08:00,SUCCESS,research/20260903_BIOHUB_CELL_PUBLIC_RECON_V01/staging/community_history_data/evidence/kaggle_cli/dataset_search/nuclei_tracking_p1.json,Search-result metadata only.
kaggle_dataset_038,kaggle_datasets,Kaggle Datasets CLI,nuclei tracking,hottest_default,2,UNKNOWN,0,computed globally: 185,28,2026-09-03T08:04:11.102706+00:00,2026-09-03T16:04:11.102706+08:00,SUCCESS,research/20260903_BIOHUB_CELL_PUBLIC_RECON_V01/staging/community_history_data/evidence/kaggle_cli/dataset_search/nuclei_tracking_p2.json,"No content downloaded; 15 page-2 responses said No datasets found and are empty, not errors."
kaggle_dataset_039,kaggle_datasets,Kaggle Datasets CLI,light sheet microscopy,hottest_default,1,UNKNOWN,3,computed globally: 185,28,2026-09-03T08:04:11.049709+00:00,2026-09-03T16:04:11.049709+08:00,SUCCESS,research/20260903_BIOHUB_CELL_PUBLIC_RECON_V01/staging/community_history_data/evidence/kaggle_cli/dataset_search/light_sheet_microscopy_p1.json,Search-result metadata only.
kaggle_dataset_040,kaggle_datasets,Kaggle Datasets CLI,light sheet microscopy,hottest_default,2,UNKNOWN,0,computed globally: 185,28,2026-09-03T08:04:12.271016+00:00,2026-09-03T16:04:12.271016+08:00,SUCCESS,research/20260903_BIOHUB_CELL_PUBLIC_RECON_V01/staging/community_history_data/evidence/kaggle_cli/dataset_search/light_sheet_microscopy_p2.json,"No content downloaded; 15 page-2 responses said No datasets found and are empty, not errors."
reddit_native_01,reddit_native,Reddit native search,Biohub - Cell Tracking During Development,relevance/default,1,not exposed,7,not aggregated,6,2026-09-03T08:11:15.336Z,2026-09-03T16:11:15.336000+08:00,SUCCESS,research/20260903_BIOHUB_CELL_PUBLIC_RECON_V01/staging/community_history_data/evidence/browser_reddit_science_history_reads.jsonl,未见直接相关主题。
reddit_native_02,reddit_native,Reddit native search,biohub-cell-tracking-during-development,relevance/default,1,not exposed,7,not aggregated,6,2026-09-03T08:11:19.122Z,2026-09-03T16:11:19.122000+08:00,SUCCESS,research/20260903_BIOHUB_CELL_PUBLIC_RECON_V01/staging/community_history_data/evidence/browser_reddit_science_history_reads.jsonl,未见直接相关主题。
reddit_native_03,reddit_native,Reddit native search,Biohub cell tracking Kaggle,relevance/default,1,not exposed,7,not aggregated,6,2026-09-03T08:11:22.903Z,2026-09-03T16:11:22.903000+08:00,SUCCESS,research/20260903_BIOHUB_CELL_PUBLIC_RECON_V01/staging/community_history_data/evidence/browser_reddit_science_history_reads.jsonl,命中一条当前比赛提交延迟主题。
reddit_native_04,reddit_native,Reddit native search,zebrafish tracking Kaggle,relevance/default,1,not exposed,7,not aggregated,6,2026-09-03T08:11:26.727Z,2026-09-03T16:11:26.727000+08:00,SUCCESS,research/20260903_BIOHUB_CELL_PUBLIC_RECON_V01/staging/community_history_data/evidence/browser_reddit_science_history_reads.jsonl,未见当前比赛直接命中。
reddit_native_05,reddit_native,Reddit native search,3D microscopy Kaggle,relevance/default,1,not exposed,7,not aggregated,6,2026-09-03T08:11:30.548Z,2026-09-03T16:11:30.548000+08:00,SUCCESS,research/20260903_BIOHUB_CELL_PUBLIC_RECON_V01/staging/community_history_data/evidence/browser_reddit_science_history_reads.jsonl,出现通用 3D 显微相关讨论。
reddit_native_06,reddit_native,Reddit native search,GEFF cell tracking,relevance/default,1,not exposed,7,not aggregated,6,2026-09-03T08:11:34.453Z,2026-09-03T16:11:34.453000+08:00,SUCCESS,research/20260903_BIOHUB_CELL_PUBLIC_RECON_V01/staging/community_history_data/evidence/browser_reddit_science_history_reads.jsonl,结果为噪声或缩写误命中。
reddit_native_07,reddit_native,Reddit native search,Ultrack Kaggle,relevance/default,1,not exposed,7,not aggregated,6,2026-09-03T08:11:38.873Z,2026-09-03T16:11:38.873000+08:00,SUCCESS,research/20260903_BIOHUB_CELL_PUBLIC_RECON_V01/staging/community_history_data/evidence/browser_reddit_science_history_reads.jsonl,未见直接相关主题。
reddit_native_08,reddit_native,Reddit native search,cell lineage competition,relevance/default,1,not exposed,7,not aggregated,6,2026-09-03T08:11:42.680Z,2026-09-03T16:11:42.680000+08:00,SUCCESS,research/20260903_BIOHUB_CELL_PUBLIC_RECON_V01/staging/community_history_data/evidence/browser_reddit_science_history_reads.jsonl,未见当前图像谱系比赛直接命中。
reddit_site_01,reddit_site_search,Web search site:reddit.com,"site:reddit.com ""Biohub - Cell Tracking During Development""",search-engine relevance,1,not exposed,0,not aggregated,6,2026-09-03T08:14:00Z,2026-09-03T16:14:00+08:00,SUCCESS,research/20260903_BIOHUB_CELL_PUBLIC_RECON_V01/staging/community_history_data/evidence/search_query_evidence.community_history_data.json,"no direct hit; observed relevant count/lower bound, not search-engine total"
reddit_site_02,reddit_site_search,Web search site:reddit.com,"site:reddit.com ""biohub-cell-tracking-during-development""",search-engine relevance,1,not exposed,0,not aggregated,6,2026-09-03T08:14:00Z,2026-09-03T16:14:00+08:00,SUCCESS,research/20260903_BIOHUB_CELL_PUBLIC_RECON_V01/staging/community_history_data/evidence/search_query_evidence.community_history_data.json,"no direct hit; observed relevant count/lower bound, not search-engine total"
reddit_site_03,reddit_site_search,Web search site:reddit.com,"site:reddit.com ""Biohub cell tracking Kaggle""",search-engine relevance,1,not exposed,0,not aggregated,6,2026-09-03T08:14:00Z,2026-09-03T16:14:00+08:00,SUCCESS,research/20260903_BIOHUB_CELL_PUBLIC_RECON_V01/staging/community_history_data/evidence/search_query_evidence.community_history_data.json,"quoted search no direct hit; observed relevant count/lower bound, not search-engine total"
reddit_site_04,reddit_site_search,Web search site:reddit.com,"site:reddit.com ""zebrafish tracking Kaggle""",search-engine relevance,1,not exposed,1,not aggregated,6,2026-09-03T08:14:00Z,2026-09-03T16:14:00+08:00,SUCCESS,research/20260903_BIOHUB_CELL_PUBLIC_RECON_V01/staging/community_history_data/evidence/search_query_evidence.community_history_data.json,"one general fish 3D result; observed relevant count/lower bound, not search-engine total"
reddit_site_05,reddit_site_search,Web search site:reddit.com,"site:reddit.com ""3D microscopy Kaggle""",search-engine relevance,1,not exposed,5,not aggregated,6,2026-09-03T08:14:00Z,2026-09-03T16:14:00+08:00,SUCCESS,research/20260903_BIOHUB_CELL_PUBLIC_RECON_V01/staging/community_history_data/evidence/search_query_evidence.community_history_data.json,"at least five general results; observed relevant count/lower bound, not search-engine total"
reddit_site_06,reddit_site_search,Web search site:reddit.com,"site:reddit.com ""GEFF cell tracking""",search-engine relevance,1,not exposed,0,not aggregated,6,2026-09-03T08:14:00Z,2026-09-03T16:14:00+08:00,SUCCESS,research/20260903_BIOHUB_CELL_PUBLIC_RECON_V01/staging/community_history_data/evidence/search_query_evidence.community_history_data.json,"no direct hit; observed relevant count/lower bound, not search-engine total"
reddit_site_07,reddit_site_search,Web search site:reddit.com,"site:reddit.com ""Ultrack Kaggle""",search-engine relevance,1,not exposed,0,not aggregated,6,2026-09-03T08:14:00Z,2026-09-03T16:14:00+08:00,SUCCESS,research/20260903_BIOHUB_CELL_PUBLIC_RECON_V01/staging/community_history_data/evidence/search_query_evidence.community_history_data.json,"no direct hit; mixed noisy returns not counted; observed relevant count/lower bound, not search-engine total"
reddit_site_08,reddit_site_search,Web search site:reddit.com,"site:reddit.com ""cell lineage competition""",search-engine relevance,1,not exposed,1,not aggregated,6,2026-09-03T08:14:00Z,2026-09-03T16:14:00+08:00,SUCCESS,research/20260903_BIOHUB_CELL_PUBLIC_RECON_V01/staging/community_history_data/evidence/search_query_evidence.community_history_data.json,"single-cell dataset request, not image tracking; observed relevant count/lower bound, not search-engine total"
reddit_site_09,reddit_site_search,Web search site:reddit.com,site:reddit.com Biohub cell tracking Kaggle,search-engine relevance,1,not exposed,1,not aggregated,6,2026-09-03T08:14:00Z,2026-09-03T16:14:00+08:00,SUCCESS,research/20260903_BIOHUB_CELL_PUBLIC_RECON_V01/staging/community_history_data/evidence/search_query_evidence.community_history_data.json,"supplemental unquoted search; at least one direct current-competition hit; observed relevant count/lower bound, not search-engine total"
scientific_web_01,scientific_web,Web search and direct authoritative pages,Cell Tracking Challenge evaluation annotations history,relevance/authoritative-first,1,not exposed,route-dependent,14,14,2026-09-03T08:26:17.665Z,2026-09-03T16:26:17.665+08:00,SUCCESS,research/20260903_BIOHUB_CELL_PUBLIC_RECON_V01/staging/community_history_data/evidence/search_query_evidence.community_history_data.json,"Authoritative pages were opened and read; bioRxiv remained blocked. Temporal Affinity Fields is only an analogy/community idea, not proven for this task."
scientific_web_02,scientific_web,Web search and direct authoritative pages,Zebrahub lineage light-sheet atlas,relevance/authoritative-first,1,not exposed,route-dependent,14,14,2026-09-03T08:26:17.665Z,2026-09-03T16:26:17.665+08:00,SUCCESS,research/20260903_BIOHUB_CELL_PUBLIC_RECON_V01/staging/community_history_data/evidence/search_query_evidence.community_history_data.json,"Authoritative pages were opened and read; bioRxiv remained blocked. Temporal Affinity Fields is only an analogy/community idea, not proven for this task."
scientific_web_03,scientific_web,Web search and direct authoritative pages,Ultrack documentation,relevance/authoritative-first,1,not exposed,route-dependent,14,14,2026-09-03T08:26:17.665Z,2026-09-03T16:26:17.665+08:00,SUCCESS,research/20260903_BIOHUB_CELL_PUBLIC_RECON_V01/staging/community_history_data/evidence/search_query_evidence.community_history_data.json,"Authoritative pages were opened and read; bioRxiv remained blocked. Temporal Affinity Fields is only an analogy/community idea, not proven for this task."
scientific_web_04,scientific_web,Web search and direct authoritative pages,Trackastra transformer cell tracking,relevance/authoritative-first,1,not exposed,route-dependent,14,14,2026-09-03T08:26:17.665Z,2026-09-03T16:26:17.665+08:00,SUCCESS,research/20260903_BIOHUB_CELL_PUBLIC_RECON_V01/staging/community_history_data/evidence/search_query_evidence.community_history_data.json,"Authoritative pages were opened and read; bioRxiv remained blocked. Temporal Affinity Fields is only an analogy/community idea, not proven for this task."
scientific_web_05,scientific_web,Web search and direct authoritative pages,GEFF specification,relevance/authoritative-first,1,not exposed,route-dependent,14,14,2026-09-03T08:26:17.665Z,2026-09-03T16:26:17.665+08:00,SUCCESS,research/20260903_BIOHUB_CELL_PUBLIC_RECON_V01/staging/community_history_data/evidence/search_query_evidence.community_history_data.json,"Authoritative pages were opened and read; bioRxiv remained blocked. Temporal Affinity Fields is only an analogy/community idea, not proven for this task."
scientific_web_06,scientific_web,Web search and direct authoritative pages,tracksdata tracking graph,relevance/authoritative-first,1,not exposed,route-dependent,14,14,2026-09-03T08:26:17.665Z,2026-09-03T16:26:17.665+08:00,SUCCESS,research/20260903_BIOHUB_CELL_PUBLIC_RECON_V01/staging/community_history_data/evidence/search_query_evidence.community_history_data.json,"Authoritative pages were opened and read; bioRxiv remained blocked. Temporal Affinity Fields is only an analogy/community idea, not proven for this task."
scientific_web_07,scientific_web,Web search and direct authoritative pages,ELEPHANT 3D lineage image.sc,relevance/authoritative-first,1,not exposed,route-dependent,14,14,2026-09-03T08:26:17.665Z,2026-09-03T16:26:17.665+08:00,SUCCESS,research/20260903_BIOHUB_CELL_PUBLIC_RECON_V01/staging/community_history_data/evidence/search_query_evidence.community_history_data.json,"Authoritative pages were opened and read; bioRxiv remained blocked. Temporal Affinity Fields is only an analogy/community idea, not proven for this task."
scientific_web_08,scientific_web,Web search and direct authoritative pages,Temporal Affinity Fields cell tracking,relevance/authoritative-first,1,not exposed,route-dependent,14,14,2026-09-03T08:26:17.665Z,2026-09-03T16:26:17.665+08:00,PARTIAL,research/20260903_BIOHUB_CELL_PUBLIC_RECON_V01/staging/community_history_data/evidence/search_query_evidence.community_history_data.json,"Authoritative pages were opened and read; bioRxiv remained blocked. Temporal Affinity Fields is only an analogy/community idea, not proven for this task."
scientific_web_09,scientific_web,Web search and direct authoritative pages,Biohub Royer organismal architecture,relevance/authoritative-first,1,not exposed,route-dependent,14,14,2026-09-03T08:26:17.665Z,2026-09-03T16:26:17.665+08:00,SUCCESS,research/20260903_BIOHUB_CELL_PUBLIC_RECON_V01/staging/community_history_data/evidence/search_query_evidence.community_history_data.json,"Authoritative pages were opened and read; bioRxiv remained blocked. Temporal Affinity Fields is only an analogy/community idea, not proven for this task."
similar_kaggle_01,similar_kaggle,Kaggle Competitions / Writeups / Discussion and web search,cell tracking,relevance,1,not exposed,candidate discovery across query set,10,6,2026-09-03T08:25:02.583Z,2026-09-03T16:25:02.583+08:00,SUCCESS,research/20260903_BIOHUB_CELL_PUBLIC_RECON_V01/staging/community_history_data/evidence/search_query_evidence.community_history_data.json,Six competitions were paired with official pages and authoritative writeups; four remain candidate-only.
similar_kaggle_02,similar_kaggle,Kaggle Competitions / Writeups / Discussion and web search,cell detection,relevance,1,not exposed,candidate discovery across query set,10,6,2026-09-03T08:25:02.583Z,2026-09-03T16:25:02.583+08:00,SUCCESS,research/20260903_BIOHUB_CELL_PUBLIC_RECON_V01/staging/community_history_data/evidence/search_query_evidence.community_history_data.json,Six competitions were paired with official pages and authoritative writeups; four remain candidate-only.
similar_kaggle_03,similar_kaggle,Kaggle Competitions / Writeups / Discussion and web search,cell segmentation,relevance,1,not exposed,candidate discovery across query set,10,6,2026-09-03T08:25:02.583Z,2026-09-03T16:25:02.583+08:00,SUCCESS,research/20260903_BIOHUB_CELL_PUBLIC_RECON_V01/staging/community_history_data/evidence/search_query_evidence.community_history_data.json,Six competitions were paired with official pages and authoritative writeups; four remain candidate-only.
similar_kaggle_04,similar_kaggle,Kaggle Competitions / Writeups / Discussion and web search,nuclei segmentation,relevance,1,not exposed,candidate discovery across query set,10,6,2026-09-03T08:25:02.583Z,2026-09-03T16:25:02.583+08:00,SUCCESS,research/20260903_BIOHUB_CELL_PUBLIC_RECON_V01/staging/community_history_data/evidence/search_query_evidence.community_history_data.json,Six competitions were paired with official pages and authoritative writeups; four remain candidate-only.
similar_kaggle_05,similar_kaggle,Kaggle Competitions / Writeups / Discussion and web search,microscopy,relevance,1,not exposed,candidate discovery across query set,10,6,2026-09-03T08:25:02.583Z,2026-09-03T16:25:02.583+08:00,SUCCESS,research/20260903_BIOHUB_CELL_PUBLIC_RECON_V01/staging/community_history_data/evidence/search_query_evidence.community_history_data.json,Six competitions were paired with official pages and authoritative writeups; four remain candidate-only.
similar_kaggle_06,similar_kaggle,Kaggle Competitions / Writeups / Discussion and web search,biomedical image segmentation,relevance,1,not exposed,candidate discovery across query set,10,6,2026-09-03T08:25:02.583Z,2026-09-03T16:25:02.583+08:00,SUCCESS,research/20260903_BIOHUB_CELL_PUBLIC_RECON_V01/staging/community_history_data/evidence/search_query_evidence.community_history_data.json,Six competitions were paired with official pages and authoritative writeups; four remain candidate-only.
similar_kaggle_07,similar_kaggle,Kaggle Competitions / Writeups / Discussion and web search,3D microscopy,relevance,1,not exposed,candidate discovery across query set,10,6,2026-09-03T08:25:02.583Z,2026-09-03T16:25:02.583+08:00,SUCCESS,research/20260903_BIOHUB_CELL_PUBLIC_RECON_V01/staging/community_history_data/evidence/search_query_evidence.community_history_data.json,Six competitions were paired with official pages and authoritative writeups; four remain candidate-only.
similar_kaggle_08,similar_kaggle,Kaggle Competitions / Writeups / Discussion and web search,time-lapse microscopy,relevance,1,not exposed,candidate discovery across query set,10,6,2026-09-03T08:25:02.583Z,2026-09-03T16:25:02.583+08:00,SUCCESS,research/20260903_BIOHUB_CELL_PUBLIC_RECON_V01/staging/community_history_data/evidence/search_query_evidence.community_history_data.json,Six competitions were paired with official pages and authoritative writeups; four remain candidate-only.
similar_kaggle_09,similar_kaggle,Kaggle Competitions / Writeups / Discussion and web search,object tracking,relevance,1,not exposed,candidate discovery across query set,10,6,2026-09-03T08:25:02.583Z,2026-09-03T16:25:02.583+08:00,SUCCESS,research/20260903_BIOHUB_CELL_PUBLIC_RECON_V01/staging/community_history_data/evidence/search_query_evidence.community_history_data.json,Six competitions were paired with official pages and authoritative writeups; four remain candidate-only.
similar_kaggle_10,similar_kaggle,Kaggle Competitions / Writeups / Discussion and web search,multi-object tracking,relevance,1,not exposed,candidate discovery across query set,10,6,2026-09-03T08:25:02.583Z,2026-09-03T16:25:02.583+08:00,SUCCESS,research/20260903_BIOHUB_CELL_PUBLIC_RECON_V01/staging/community_history_data/evidence/search_query_evidence.community_history_data.json,Six competitions were paired with official pages and authoritative writeups; four remain candidate-only.
similar_kaggle_11,similar_kaggle,Kaggle Competitions / Writeups / Discussion and web search,lineage,relevance,1,not exposed,candidate discovery across query set,10,6,2026-09-03T08:25:02.583Z,2026-09-03T16:25:02.583+08:00,SUCCESS,research/20260903_BIOHUB_CELL_PUBLIC_RECON_V01/staging/community_history_data/evidence/search_query_evidence.community_history_data.json,Six competitions were paired with official pages and authoritative writeups; four remain candidate-only.
similar_kaggle_12,similar_kaggle,Kaggle Competitions / Writeups / Discussion and web search,instance segmentation,relevance,1,not exposed,candidate discovery across query set,10,6,2026-09-03T08:25:02.583Z,2026-09-03T16:25:02.583+08:00,SUCCESS,research/20260903_BIOHUB_CELL_PUBLIC_RECON_V01/staging/community_history_data/evidence/search_query_evidence.community_history_data.json,Six competitions were paired with official pages and authoritative writeups; four remain candidate-only.
similar_kaggle_13,similar_kaggle,Kaggle Competitions / Writeups / Discussion and web search,zebrafish,relevance,1,not exposed,candidate discovery across query set,10,6,2026-09-03T08:25:02.583Z,2026-09-03T16:25:02.583+08:00,SUCCESS,research/20260903_BIOHUB_CELL_PUBLIC_RECON_V01/staging/community_history_data/evidence/search_query_evidence.community_history_data.json,Six competitions were paired with official pages and authoritative writeups; four remain candidate-only.
similar_kaggle_14,similar_kaggle,Kaggle Competitions / Writeups / Discussion and web search,organoid,relevance,1,not exposed,candidate discovery across query set,10,6,2026-09-03T08:25:02.583Z,2026-09-03T16:25:02.583+08:00,SUCCESS,research/20260903_BIOHUB_CELL_PUBLIC_RECON_V01/staging/community_history_data/evidence/search_query_evidence.community_history_data.json,Six competitions were paired with official pages and authoritative writeups; four remain candidate-only.
similar_kaggle_15,similar_kaggle,Kaggle Competitions / Writeups / Discussion and web search,embryo,relevance,1,not exposed,candidate discovery across query set,10,6,2026-09-03T08:25:02.583Z,2026-09-03T16:25:02.583+08:00,SUCCESS,research/20260903_BIOHUB_CELL_PUBLIC_RECON_V01/staging/community_history_data/evidence/search_query_evidence.community_history_data.json,Six competitions were paired with official pages and authoritative writeups; four remain candidate-only.
similar_kaggle_16,similar_kaggle,Kaggle Competitions / Writeups / Discussion and web search,fluorescent nuclei,relevance,1,not exposed,candidate discovery across query set,10,6,2026-09-03T08:25:02.583Z,2026-09-03T16:25:02.583+08:00,SUCCESS,research/20260903_BIOHUB_CELL_PUBLIC_RECON_V01/staging/community_history_data/evidence/search_query_evidence.community_history_data.json,Six competitions were paired with official pages and authoritative writeups; four remain candidate-only.
