stem,embryo_prefix,embryo_group,visible_test_copy,train_zarr_present,train_geff_present,required_metadata_paths_present,estimated_number_of_nodes_content,official_scorer_eligibility,included_in_frozen_inventory,exclusion_reason,train_zarr_file_count,train_zarr_total_bytes,train_geff_file_count,train_geff_total_bytes,missing_required_image_paths,missing_required_gt_paths,evidence_class
44b6_0113de3b,44b6,44b6,true,true,true,true,UNKNOWN_NOT_DOWNLOADED,ELIGIBLE_METADATA_SCHEMA_PRESENT,true,,102,456757564,21,7617,,,HOST_CONFIRMED_METADATA_ONLY
44b6_0b24845f,44b6,44b6,true,true,true,true,UNKNOWN_NOT_DOWNLOADED,ELIGIBLE_METADATA_SCHEMA_PRESENT,true,,102,547662847,21,7618,,,HOST_CONFIRMED_METADATA_ONLY
44b6_0c582fdc,44b6,44b6,false,true,true,true,UNKNOWN_NOT_DOWNLOADED,ELIGIBLE_METADATA_SCHEMA_PRESENT,true,,102,506002314,21,7700,,,HOST_CONFIRMED_METADATA_ONLY
44b6_0db75fae,44b6,44b6,false,true,true,true,UNKNOWN_NOT_DOWNLOADED,ELIGIBLE_METADATA_SCHEMA_PRESENT,true,,102,394575075,21,8572,,,HOST_CONFIRMED_METADATA_ONLY
44b6_12dfb391,44b6,44b6,false,true,true,true,UNKNOWN_NOT_DOWNLOADED,ELIGIBLE_METADATA_SCHEMA_PRESENT,true,,102,529443276,21,12418,,,HOST_CONFIRMED_METADATA_ONLY
44b6_144b256d,44b6,44b6,false,true,true,true,UNKNOWN_NOT_DOWNLOADED,ELIGIBLE_METADATA_SCHEMA_PRESENT,true,,102,544335541,21,8132,,,HOST_CONFIRMED_METADATA_ONLY
44b6_1574802b,44b6,44b6,false,true,true,true,UNKNOWN_NOT_DOWNLOADED,ELIGIBLE_METADATA_SCHEMA_PRESENT,true,,102,398567837,21,8547,,,HOST_CONFIRMED_METADATA_ONLY
44b6_18ced818,44b6,44b6,false,true,true,true,UNKNOWN_NOT_DOWNLOADED,ELIGIBLE_METADATA_SCHEMA_PRESENT,true,,102,560239657,21,7965,,,HOST_CONFIRMED_METADATA_ONLY
44b6_1d530831,44b6,44b6,false,true,true,true,UNKNOWN_NOT_DOWNLOADED,ELIGIBLE_METADATA_SCHEMA_PRESENT,true,,102,517798867,21,9555,,,HOST_CONFIRMED_METADATA_ONLY
44b6_24264f12,44b6,44b6,false,true,true,true,UNKNOWN_NOT_DOWNLOADED,ELIGIBLE_METADATA_SCHEMA_PRESENT,true,,102,467494128,21,9182,,,HOST_CONFIRMED_METADATA_ONLY
44b6_267148e4,44b6,44b6,false,true,true,true,UNKNOWN_NOT_DOWNLOADED,ELIGIBLE_METADATA_SCHEMA_PRESENT,true,,102,384925816,21,9384,,,HOST_CONFIRMED_METADATA_ONLY
44b6_2a2eff9f,44b6,44b6,false,true,true,true,UNKNOWN_NOT_DOWNLOADED,ELIGIBLE_METADATA_SCHEMA_PRESENT,true,,102,514618389,21,8976,,,HOST_CONFIRMED_METADATA_ONLY
44b6_2f31fc2f,44b6,44b6,false,true,true,true,UNKNOWN_NOT_DOWNLOADED,ELIGIBLE_METADATA_SCHEMA_PRESENT,true,,102,497888227,21,7899,,,HOST_CONFIRMED_METADATA_ONLY
44b6_33b596bf,44b6,44b6,false,true,true,true,UNKNOWN_NOT_DOWNLOADED,ELIGIBLE_METADATA_SCHEMA_PRESENT,true,,102,474866037,21,7587,,,HOST_CONFIRMED_METADATA_ONLY
44b6_341df25f,44b6,44b6,false,true,true,true,UNKNOWN_NOT_DOWNLOADED,ELIGIBLE_METADATA_SCHEMA_PRESENT,true,,102,386087572,21,8875,,,HOST_CONFIRMED_METADATA_ONLY
44b6_3a861e03,44b6,44b6,false,true,true,true,UNKNOWN_NOT_DOWNLOADED,ELIGIBLE_METADATA_SCHEMA_PRESENT,true,,102,493710406,21,13308,,,HOST_CONFIRMED_METADATA_ONLY
44b6_3bb3690f,44b6,44b6,false,true,true,true,UNKNOWN_NOT_DOWNLOADED,ELIGIBLE_METADATA_SCHEMA_PRESENT,true,,102,508635810,21,9806,,,HOST_CONFIRMED_METADATA_ONLY
44b6_40c45f5a,44b6,44b6,false,true,true,true,UNKNOWN_NOT_DOWNLOADED,ELIGIBLE_METADATA_SCHEMA_PRESENT,true,,102,520833215,21,8803,,,HOST_CONFIRMED_METADATA_ONLY
44b6_415c0a3a,44b6,44b6,false,true,true,true,UNKNOWN_NOT_DOWNLOADED,ELIGIBLE_METADATA_SCHEMA_PRESENT,true,,102,522285003,21,9671,,,HOST_CONFIRMED_METADATA_ONLY
44b6_53f95252,44b6,44b6,false,true,true,true,UNKNOWN_NOT_DOWNLOADED,ELIGIBLE_METADATA_SCHEMA_PRESENT,true,,102,546151671,21,7769,,,HOST_CONFIRMED_METADATA_ONLY
44b6_551a5dba,44b6,44b6,false,true,true,true,UNKNOWN_NOT_DOWNLOADED,ELIGIBLE_METADATA_SCHEMA_PRESENT,true,,102,550837243,21,8978,,,HOST_CONFIRMED_METADATA_ONLY
44b6_5740d24b,44b6,44b6,false,true,true,true,UNKNOWN_NOT_DOWNLOADED,ELIGIBLE_METADATA_SCHEMA_PRESENT,true,,102,452260334,21,8733,,,HOST_CONFIRMED_METADATA_ONLY
44b6_587a1e22,44b6,44b6,false,true,true,true,UNKNOWN_NOT_DOWNLOADED,ELIGIBLE_METADATA_SCHEMA_PRESENT,true,,102,411772332,21,10097,,,HOST_CONFIRMED_METADATA_ONLY
44b6_5f15d135,44b6,44b6,false,true,true,true,UNKNOWN_NOT_DOWNLOADED,ELIGIBLE_METADATA_SCHEMA_PRESENT,true,,102,539933235,21,9412,,,HOST_CONFIRMED_METADATA_ONLY
44b6_668e0cc7,44b6,44b6,false,true,true,true,UNKNOWN_NOT_DOWNLOADED,ELIGIBLE_METADATA_SCHEMA_PRESENT,true,,102,462592772,21,11713,,,HOST_CONFIRMED_METADATA_ONLY
44b6_66f9292d,44b6,44b6,false,true,true,true,UNKNOWN_NOT_DOWNLOADED,ELIGIBLE_METADATA_SCHEMA_PRESENT,true,,102,522643965,21,8725,,,HOST_CONFIRMED_METADATA_ONLY
44b6_706092f0,44b6,44b6,false,true,true,true,UNKNOWN_NOT_DOWNLOADED,ELIGIBLE_METADATA_SCHEMA_PRESENT,true,,102,550630519,21,8113,,,HOST_CONFIRMED_METADATA_ONLY
44b6_71a4179f,44b6,44b6,false,true,true,true,UNKNOWN_NOT_DOWNLOADED,ELIGIBLE_METADATA_SCHEMA_PRESENT,true,,102,543775447,21,8141,,,HOST_CONFIRMED_METADATA_ONLY
44b6_74d0c52e,44b6,44b6,false,true,true,true,UNKNOWN_NOT_DOWNLOADED,ELIGIBLE_METADATA_SCHEMA_PRESENT,true,,102,418504706,21,8429,,,HOST_CONFIRMED_METADATA_ONLY
44b6_7a302da0,44b6,44b6,false,true,true,true,UNKNOWN_NOT_DOWNLOADED,ELIGIBLE_METADATA_SCHEMA_PRESENT,true,,102,581148135,21,10697,,,HOST_CONFIRMED_METADATA_ONLY
44b6_7e557709,44b6,44b6,false,true,true,true,UNKNOWN_NOT_DOWNLOADED,ELIGIBLE_METADATA_SCHEMA_PRESENT,true,,102,512003896,21,11094,,,HOST_CONFIRMED_METADATA_ONLY
44b6_808952d6,44b6,44b6,false,true,true,true,UNKNOWN_NOT_DOWNLOADED,ELIGIBLE_METADATA_SCHEMA_PRESENT,true,,102,447428718,21,8748,,,HOST_CONFIRMED_METADATA_ONLY
44b6_81c256f0,44b6,44b6,false,true,true,true,UNKNOWN_NOT_DOWNLOADED,ELIGIBLE_METADATA_SCHEMA_PRESENT,true,,102,406767384,21,8731,,,HOST_CONFIRMED_METADATA_ONLY
44b6_87bba6c4,44b6,44b6,false,true,true,true,UNKNOWN_NOT_DOWNLOADED,ELIGIBLE_METADATA_SCHEMA_PRESENT,true,,102,490466193,21,8511,,,HOST_CONFIRMED_METADATA_ONLY
44b6_8cc6506c,44b6,44b6,false,true,true,true,UNKNOWN_NOT_DOWNLOADED,ELIGIBLE_METADATA_SCHEMA_PRESENT,true,,102,526273798,21,9747,,,HOST_CONFIRMED_METADATA_ONLY
44b6_8f5ab931,44b6,44b6,false,true,true,true,UNKNOWN_NOT_DOWNLOADED,ELIGIBLE_METADATA_SCHEMA_PRESENT,true,,102,485921971,21,11438,,,HOST_CONFIRMED_METADATA_ONLY
44b6_8f9ecab4,44b6,44b6,false,true,true,true,UNKNOWN_NOT_DOWNLOADED,ELIGIBLE_METADATA_SCHEMA_PRESENT,true,,102,547633463,21,9586,,,HOST_CONFIRMED_METADATA_ONLY
44b6_90724892,44b6,44b6,false,true,true,true,UNKNOWN_NOT_DOWNLOADED,ELIGIBLE_METADATA_SCHEMA_PRESENT,true,,102,473810941,21,7989,,,HOST_CONFIRMED_METADATA_ONLY
44b6_949adeb1,44b6,44b6,false,true,true,true,UNKNOWN_NOT_DOWNLOADED,ELIGIBLE_METADATA_SCHEMA_PRESENT,true,,102,517562962,21,9897,,,HOST_CONFIRMED_METADATA_ONLY
44b6_95029e92,44b6,44b6,false,true,true,true,UNKNOWN_NOT_DOWNLOADED,ELIGIBLE_METADATA_SCHEMA_PRESENT,true,,102,362988464,21,8855,,,HOST_CONFIRMED_METADATA_ONLY
44b6_97725144,44b6,44b6,false,true,true,true,UNKNOWN_NOT_DOWNLOADED,ELIGIBLE_METADATA_SCHEMA_PRESENT,true,,102,545909170,21,9192,,,HOST_CONFIRMED_METADATA_ONLY
44b6_996155de,44b6,44b6,false,true,true,true,UNKNOWN_NOT_DOWNLOADED,ELIGIBLE_METADATA_SCHEMA_PRESENT,true,,102,423932277,21,9738,,,HOST_CONFIRMED_METADATA_ONLY
44b6_9be80b04,44b6,44b6,false,true,true,true,UNKNOWN_NOT_DOWNLOADED,ELIGIBLE_METADATA_SCHEMA_PRESENT,true,,102,548031429,21,8849,,,HOST_CONFIRMED_METADATA_ONLY
44b6_9bfa6a0a,44b6,44b6,false,true,true,true,UNKNOWN_NOT_DOWNLOADED,ELIGIBLE_METADATA_SCHEMA_PRESENT,true,,102,514800940,21,9248,,,HOST_CONFIRMED_METADATA_ONLY
44b6_a21120c2,44b6,44b6,false,true,true,true,UNKNOWN_NOT_DOWNLOADED,ELIGIBLE_METADATA_SCHEMA_PRESENT,true,,102,429380147,21,9489,,,HOST_CONFIRMED_METADATA_ONLY
44b6_a2bb48bb,44b6,44b6,false,true,true,true,UNKNOWN_NOT_DOWNLOADED,ELIGIBLE_METADATA_SCHEMA_PRESENT,true,,102,607764799,21,10036,,,HOST_CONFIRMED_METADATA_ONLY
44b6_aaf8b0ea,44b6,44b6,false,true,true,true,UNKNOWN_NOT_DOWNLOADED,ELIGIBLE_METADATA_SCHEMA_PRESENT,true,,102,475579284,21,8888,,,HOST_CONFIRMED_METADATA_ONLY
44b6_abf82518,44b6,44b6,false,true,true,true,UNKNOWN_NOT_DOWNLOADED,ELIGIBLE_METADATA_SCHEMA_PRESENT,true,,102,429580884,21,7969,,,HOST_CONFIRMED_METADATA_ONLY
44b6_b2c44266,44b6,44b6,false,true,true,true,UNKNOWN_NOT_DOWNLOADED,ELIGIBLE_METADATA_SCHEMA_PRESENT,true,,102,531018369,21,8544,,,HOST_CONFIRMED_METADATA_ONLY
44b6_c15fded2,44b6,44b6,false,true,true,true,UNKNOWN_NOT_DOWNLOADED,ELIGIBLE_METADATA_SCHEMA_PRESENT,true,,102,442479736,21,8045,,,HOST_CONFIRMED_METADATA_ONLY
44b6_c50204e0,44b6,44b6,false,true,true,true,UNKNOWN_NOT_DOWNLOADED,ELIGIBLE_METADATA_SCHEMA_PRESENT,true,,102,565311771,21,9704,,,HOST_CONFIRMED_METADATA_ONLY
44b6_c771cb04,44b6,44b6,false,true,true,true,UNKNOWN_NOT_DOWNLOADED,ELIGIBLE_METADATA_SCHEMA_PRESENT,true,,102,575232437,21,8974,,,HOST_CONFIRMED_METADATA_ONLY
44b6_c8e2a523,44b6,44b6,false,true,true,true,UNKNOWN_NOT_DOWNLOADED,ELIGIBLE_METADATA_SCHEMA_PRESENT,true,,102,466004648,21,8579,,,HOST_CONFIRMED_METADATA_ONLY
44b6_c96cfa10,44b6,44b6,false,true,true,true,UNKNOWN_NOT_DOWNLOADED,ELIGIBLE_METADATA_SCHEMA_PRESENT,true,,102,502062575,21,11417,,,HOST_CONFIRMED_METADATA_ONLY
44b6_cf2536e8,44b6,44b6,false,true,true,true,UNKNOWN_NOT_DOWNLOADED,ELIGIBLE_METADATA_SCHEMA_PRESENT,true,,102,516692705,21,7714,,,HOST_CONFIRMED_METADATA_ONLY
44b6_cf8fed6b,44b6,44b6,false,true,true,true,UNKNOWN_NOT_DOWNLOADED,ELIGIBLE_METADATA_SCHEMA_PRESENT,true,,102,463357905,21,8837,,,HOST_CONFIRMED_METADATA_ONLY
44b6_d29c9ab2,44b6,44b6,false,true,true,true,UNKNOWN_NOT_DOWNLOADED,ELIGIBLE_METADATA_SCHEMA_PRESENT,true,,102,492813035,21,15698,,,HOST_CONFIRMED_METADATA_ONLY
44b6_d2f34f90,44b6,44b6,false,true,true,true,UNKNOWN_NOT_DOWNLOADED,ELIGIBLE_METADATA_SCHEMA_PRESENT,true,,102,500553470,21,9284,,,HOST_CONFIRMED_METADATA_ONLY
44b6_d5e7d891,44b6,44b6,false,true,true,true,UNKNOWN_NOT_DOWNLOADED,ELIGIBLE_METADATA_SCHEMA_PRESENT,true,,102,545535218,21,12933,,,HOST_CONFIRMED_METADATA_ONLY
44b6_d754aa59,44b6,44b6,false,true,true,true,UNKNOWN_NOT_DOWNLOADED,ELIGIBLE_METADATA_SCHEMA_PRESENT,true,,102,370169771,21,7793,,,HOST_CONFIRMED_METADATA_ONLY
44b6_d78e09d9,44b6,44b6,false,true,true,true,UNKNOWN_NOT_DOWNLOADED,ELIGIBLE_METADATA_SCHEMA_PRESENT,true,,102,441825506,21,10633,,,HOST_CONFIRMED_METADATA_ONLY
44b6_db3c847b,44b6,44b6,false,true,true,true,UNKNOWN_NOT_DOWNLOADED,ELIGIBLE_METADATA_SCHEMA_PRESENT,true,,102,446681470,21,8592,,,HOST_CONFIRMED_METADATA_ONLY
44b6_ddf577ad,44b6,44b6,false,true,true,true,UNKNOWN_NOT_DOWNLOADED,ELIGIBLE_METADATA_SCHEMA_PRESENT,true,,102,519255171,21,11474,,,HOST_CONFIRMED_METADATA_ONLY
44b6_deabac95,44b6,44b6,false,true,true,true,UNKNOWN_NOT_DOWNLOADED,ELIGIBLE_METADATA_SCHEMA_PRESENT,true,,102,390421570,21,8262,,,HOST_CONFIRMED_METADATA_ONLY
44b6_e28840c6,44b6,44b6,false,true,true,true,UNKNOWN_NOT_DOWNLOADED,ELIGIBLE_METADATA_SCHEMA_PRESENT,true,,102,542007583,21,9338,,,HOST_CONFIRMED_METADATA_ONLY
44b6_e29f0176,44b6,44b6,false,true,true,true,UNKNOWN_NOT_DOWNLOADED,ELIGIBLE_METADATA_SCHEMA_PRESENT,true,,102,372784970,21,7641,,,HOST_CONFIRMED_METADATA_ONLY
44b6_e31261b4,44b6,44b6,false,true,true,true,UNKNOWN_NOT_DOWNLOADED,ELIGIBLE_METADATA_SCHEMA_PRESENT,true,,102,529394335,21,8160,,,HOST_CONFIRMED_METADATA_ONLY
44b6_e35b117d,44b6,44b6,false,true,true,true,UNKNOWN_NOT_DOWNLOADED,ELIGIBLE_METADATA_SCHEMA_PRESENT,true,,102,539783775,21,9382,,,HOST_CONFIRMED_METADATA_ONLY
44b6_e57ff5c6,44b6,44b6,false,true,true,true,UNKNOWN_NOT_DOWNLOADED,ELIGIBLE_METADATA_SCHEMA_PRESENT,true,,102,488046940,21,8901,,,HOST_CONFIRMED_METADATA_ONLY
44b6_eb2880fc,44b6,44b6,false,true,true,true,UNKNOWN_NOT_DOWNLOADED,ELIGIBLE_METADATA_SCHEMA_PRESENT,true,,102,488171713,21,10204,,,HOST_CONFIRMED_METADATA_ONLY
44b6_f28707c6,44b6,44b6,false,true,true,true,UNKNOWN_NOT_DOWNLOADED,ELIGIBLE_METADATA_SCHEMA_PRESENT,true,,102,463528105,21,7791,,,HOST_CONFIRMED_METADATA_ONLY
6bba_05b6850b,6bba,6bba,true,true,true,true,UNKNOWN_NOT_DOWNLOADED,ELIGIBLE_METADATA_SCHEMA_PRESENT,true,,102,361668669,21,12964,,,HOST_CONFIRMED_METADATA_ONLY
6bba_05db0fb1,6bba,6bba,true,true,true,true,UNKNOWN_NOT_DOWNLOADED,ELIGIBLE_METADATA_SCHEMA_PRESENT,true,,102,540242928,21,15343,,,HOST_CONFIRMED_METADATA_ONLY
6bba_062c8d37,6bba,6bba,false,true,true,true,UNKNOWN_NOT_DOWNLOADED,ELIGIBLE_METADATA_SCHEMA_PRESENT,true,,102,341782153,21,13521,,,HOST_CONFIRMED_METADATA_ONLY
6bba_07477033,6bba,6bba,false,true,true,true,UNKNOWN_NOT_DOWNLOADED,ELIGIBLE_METADATA_SCHEMA_PRESENT,true,,102,325484898,21,11425,,,HOST_CONFIRMED_METADATA_ONLY
6bba_07e24132,6bba,6bba,false,true,true,true,UNKNOWN_NOT_DOWNLOADED,ELIGIBLE_METADATA_SCHEMA_PRESENT,true,,102,465682930,21,9919,,,HOST_CONFIRMED_METADATA_ONLY
6bba_085bf656,6bba,6bba,false,true,true,true,UNKNOWN_NOT_DOWNLOADED,ELIGIBLE_METADATA_SCHEMA_PRESENT,true,,102,380726889,21,15244,,,HOST_CONFIRMED_METADATA_ONLY
6bba_09961292,6bba,6bba,false,true,true,true,UNKNOWN_NOT_DOWNLOADED,ELIGIBLE_METADATA_SCHEMA_PRESENT,true,,102,400084214,21,19957,,,HOST_CONFIRMED_METADATA_ONLY
6bba_0c7fa718,6bba,6bba,false,true,true,true,UNKNOWN_NOT_DOWNLOADED,ELIGIBLE_METADATA_SCHEMA_PRESENT,true,,102,371438547,21,12016,,,HOST_CONFIRMED_METADATA_ONLY
6bba_0e7c0d07,6bba,6bba,false,true,true,true,UNKNOWN_NOT_DOWNLOADED,ELIGIBLE_METADATA_SCHEMA_PRESENT,true,,102,432565534,21,8711,,,HOST_CONFIRMED_METADATA_ONLY
6bba_12665c0e,6bba,6bba,false,true,true,true,UNKNOWN_NOT_DOWNLOADED,ELIGIBLE_METADATA_SCHEMA_PRESENT,true,,102,358137475,21,14705,,,HOST_CONFIRMED_METADATA_ONLY
6bba_13f19531,6bba,6bba,false,true,true,true,UNKNOWN_NOT_DOWNLOADED,ELIGIBLE_METADATA_SCHEMA_PRESENT,true,,102,356511511,21,12431,,,HOST_CONFIRMED_METADATA_ONLY
6bba_15403b9a,6bba,6bba,false,true,true,true,UNKNOWN_NOT_DOWNLOADED,ELIGIBLE_METADATA_SCHEMA_PRESENT,true,,102,334482003,21,12493,,,HOST_CONFIRMED_METADATA_ONLY
6bba_1d0d8384,6bba,6bba,false,true,true,true,UNKNOWN_NOT_DOWNLOADED,ELIGIBLE_METADATA_SCHEMA_PRESENT,true,,102,420082204,21,17452,,,HOST_CONFIRMED_METADATA_ONLY
6bba_1ebfb80d,6bba,6bba,false,true,true,true,UNKNOWN_NOT_DOWNLOADED,ELIGIBLE_METADATA_SCHEMA_PRESENT,true,,102,391736321,21,12226,,,HOST_CONFIRMED_METADATA_ONLY
6bba_1f58c2f6,6bba,6bba,false,true,true,true,UNKNOWN_NOT_DOWNLOADED,ELIGIBLE_METADATA_SCHEMA_PRESENT,true,,102,457984180,21,9516,,,HOST_CONFIRMED_METADATA_ONLY
6bba_207c6aaf,6bba,6bba,false,true,true,true,UNKNOWN_NOT_DOWNLOADED,ELIGIBLE_METADATA_SCHEMA_PRESENT,true,,102,392166029,21,10662,,,HOST_CONFIRMED_METADATA_ONLY
6bba_20852818,6bba,6bba,false,true,true,true,UNKNOWN_NOT_DOWNLOADED,ELIGIBLE_METADATA_SCHEMA_PRESENT,true,,102,378925732,21,13737,,,HOST_CONFIRMED_METADATA_ONLY
6bba_2312ac41,6bba,6bba,false,true,true,true,UNKNOWN_NOT_DOWNLOADED,ELIGIBLE_METADATA_SCHEMA_PRESENT,true,,102,389511583,21,14975,,,HOST_CONFIRMED_METADATA_ONLY
6bba_23af9eeb,6bba,6bba,false,true,true,true,UNKNOWN_NOT_DOWNLOADED,ELIGIBLE_METADATA_SCHEMA_PRESENT,true,,102,350812322,21,10698,,,HOST_CONFIRMED_METADATA_ONLY
6bba_2540cd90,6bba,6bba,false,true,true,true,UNKNOWN_NOT_DOWNLOADED,ELIGIBLE_METADATA_SCHEMA_PRESENT,true,,102,326798894,21,10739,,,HOST_CONFIRMED_METADATA_ONLY
6bba_2646afc7,6bba,6bba,false,true,true,true,UNKNOWN_NOT_DOWNLOADED,ELIGIBLE_METADATA_SCHEMA_PRESENT,true,,102,353490088,21,12208,,,HOST_CONFIRMED_METADATA_ONLY
6bba_268e1230,6bba,6bba,false,true,true,true,UNKNOWN_NOT_DOWNLOADED,ELIGIBLE_METADATA_SCHEMA_PRESENT,true,,102,339424647,21,11672,,,HOST_CONFIRMED_METADATA_ONLY
6bba_2819ca14,6bba,6bba,false,true,true,true,UNKNOWN_NOT_DOWNLOADED,ELIGIBLE_METADATA_SCHEMA_PRESENT,true,,102,329223531,21,14219,,,HOST_CONFIRMED_METADATA_ONLY
6bba_283bf9f1,6bba,6bba,false,true,true,true,UNKNOWN_NOT_DOWNLOADED,ELIGIBLE_METADATA_SCHEMA_PRESENT,true,,102,425991994,21,16629,,,HOST_CONFIRMED_METADATA_ONLY
6bba_312f0dc3,6bba,6bba,false,true,true,true,UNKNOWN_NOT_DOWNLOADED,ELIGIBLE_METADATA_SCHEMA_PRESENT,true,,102,370352855,21,10809,,,HOST_CONFIRMED_METADATA_ONLY
6bba_32db13fc,6bba,6bba,false,true,true,true,UNKNOWN_NOT_DOWNLOADED,ELIGIBLE_METADATA_SCHEMA_PRESENT,true,,102,477612258,21,13137,,,HOST_CONFIRMED_METADATA_ONLY
6bba_337b1b3a,6bba,6bba,false,true,true,true,UNKNOWN_NOT_DOWNLOADED,ELIGIBLE_METADATA_SCHEMA_PRESENT,true,,102,459625871,21,15601,,,HOST_CONFIRMED_METADATA_ONLY
6bba_372c8cb8,6bba,6bba,false,true,true,true,UNKNOWN_NOT_DOWNLOADED,ELIGIBLE_METADATA_SCHEMA_PRESENT,true,,102,365395302,21,14216,,,HOST_CONFIRMED_METADATA_ONLY
6bba_3a1849c2,6bba,6bba,false,true,true,true,UNKNOWN_NOT_DOWNLOADED,ELIGIBLE_METADATA_SCHEMA_PRESENT,true,,102,361186029,21,14907,,,HOST_CONFIRMED_METADATA_ONLY
6bba_3abfe10a,6bba,6bba,false,true,true,true,UNKNOWN_NOT_DOWNLOADED,ELIGIBLE_METADATA_SCHEMA_PRESENT,true,,102,539403678,21,13841,,,HOST_CONFIRMED_METADATA_ONLY
6bba_3c5691b6,6bba,6bba,false,true,true,true,UNKNOWN_NOT_DOWNLOADED,ELIGIBLE_METADATA_SCHEMA_PRESENT,true,,102,364822686,21,12311,,,HOST_CONFIRMED_METADATA_ONLY
6bba_3db54e20,6bba,6bba,false,true,true,true,UNKNOWN_NOT_DOWNLOADED,ELIGIBLE_METADATA_SCHEMA_PRESENT,true,,102,443248483,21,10857,,,HOST_CONFIRMED_METADATA_ONLY
6bba_3fda6b25,6bba,6bba,false,true,true,true,UNKNOWN_NOT_DOWNLOADED,ELIGIBLE_METADATA_SCHEMA_PRESENT,true,,102,378285046,21,15396,,,HOST_CONFIRMED_METADATA_ONLY
6bba_43fea39d,6bba,6bba,false,true,true,true,UNKNOWN_NOT_DOWNLOADED,ELIGIBLE_METADATA_SCHEMA_PRESENT,true,,102,317108747,21,13709,,,HOST_CONFIRMED_METADATA_ONLY
6bba_474be664,6bba,6bba,false,true,true,true,UNKNOWN_NOT_DOWNLOADED,ELIGIBLE_METADATA_SCHEMA_PRESENT,true,,102,536288900,21,9345,,,HOST_CONFIRMED_METADATA_ONLY
6bba_48816121,6bba,6bba,false,true,true,true,UNKNOWN_NOT_DOWNLOADED,ELIGIBLE_METADATA_SCHEMA_PRESENT,true,,102,429597138,21,13618,,,HOST_CONFIRMED_METADATA_ONLY
6bba_4aa14c89,6bba,6bba,false,true,true,true,UNKNOWN_NOT_DOWNLOADED,ELIGIBLE_METADATA_SCHEMA_PRESENT,true,,102,375599449,21,12125,,,HOST_CONFIRMED_METADATA_ONLY
6bba_4f99ce20,6bba,6bba,false,true,true,true,UNKNOWN_NOT_DOWNLOADED,ELIGIBLE_METADATA_SCHEMA_PRESENT,true,,102,347270978,21,14388,,,HOST_CONFIRMED_METADATA_ONLY
6bba_4ffd3da3,6bba,6bba,false,true,true,true,UNKNOWN_NOT_DOWNLOADED,ELIGIBLE_METADATA_SCHEMA_PRESENT,true,,102,386003937,21,12246,,,HOST_CONFIRMED_METADATA_ONLY
6bba_55b7eebe,6bba,6bba,false,true,true,true,UNKNOWN_NOT_DOWNLOADED,ELIGIBLE_METADATA_SCHEMA_PRESENT,true,,102,386832188,21,11870,,,HOST_CONFIRMED_METADATA_ONLY
6bba_55c70843,6bba,6bba,false,true,true,true,UNKNOWN_NOT_DOWNLOADED,ELIGIBLE_METADATA_SCHEMA_PRESENT,true,,102,492410828,21,10611,,,HOST_CONFIRMED_METADATA_ONLY
6bba_57b7cc1e,6bba,6bba,false,true,true,true,UNKNOWN_NOT_DOWNLOADED,ELIGIBLE_METADATA_SCHEMA_PRESENT,true,,102,551751513,21,18027,,,HOST_CONFIRMED_METADATA_ONLY
6bba_5a4d9360,6bba,6bba,false,true,true,true,UNKNOWN_NOT_DOWNLOADED,ELIGIBLE_METADATA_SCHEMA_PRESENT,true,,102,333698472,21,12510,,,HOST_CONFIRMED_METADATA_ONLY
6bba_5b28472a,6bba,6bba,false,true,true,true,UNKNOWN_NOT_DOWNLOADED,ELIGIBLE_METADATA_SCHEMA_PRESENT,true,,102,361337573,21,12132,,,HOST_CONFIRMED_METADATA_ONLY
6bba_5c039895,6bba,6bba,false,true,true,true,UNKNOWN_NOT_DOWNLOADED,ELIGIBLE_METADATA_SCHEMA_PRESENT,true,,102,381776867,21,15323,,,HOST_CONFIRMED_METADATA_ONLY
6bba_5c824876,6bba,6bba,false,true,true,true,UNKNOWN_NOT_DOWNLOADED,ELIGIBLE_METADATA_SCHEMA_PRESENT,true,,102,442682577,21,15179,,,HOST_CONFIRMED_METADATA_ONLY
6bba_5dfe9ad1,6bba,6bba,false,true,true,true,UNKNOWN_NOT_DOWNLOADED,ELIGIBLE_METADATA_SCHEMA_PRESENT,true,,102,451477177,21,17370,,,HOST_CONFIRMED_METADATA_ONLY
6bba_5f89039d,6bba,6bba,false,true,true,true,UNKNOWN_NOT_DOWNLOADED,ELIGIBLE_METADATA_SCHEMA_PRESENT,true,,102,349630666,21,13272,,,HOST_CONFIRMED_METADATA_ONLY
6bba_61dd1e0d,6bba,6bba,false,true,true,true,UNKNOWN_NOT_DOWNLOADED,ELIGIBLE_METADATA_SCHEMA_PRESENT,true,,102,411186738,21,11034,,,HOST_CONFIRMED_METADATA_ONLY
6bba_61ecbe65,6bba,6bba,false,true,true,true,UNKNOWN_NOT_DOWNLOADED,ELIGIBLE_METADATA_SCHEMA_PRESENT,true,,102,333237600,21,11677,,,HOST_CONFIRMED_METADATA_ONLY
6bba_6321a359,6bba,6bba,false,true,true,true,UNKNOWN_NOT_DOWNLOADED,ELIGIBLE_METADATA_SCHEMA_PRESENT,true,,102,356409674,21,12755,,,HOST_CONFIRMED_METADATA_ONLY
6bba_6479435d,6bba,6bba,false,true,true,true,UNKNOWN_NOT_DOWNLOADED,ELIGIBLE_METADATA_SCHEMA_PRESENT,true,,102,410737206,21,11488,,,HOST_CONFIRMED_METADATA_ONLY
6bba_67ebd073,6bba,6bba,false,true,true,true,UNKNOWN_NOT_DOWNLOADED,ELIGIBLE_METADATA_SCHEMA_PRESENT,true,,102,402989597,21,10481,,,HOST_CONFIRMED_METADATA_ONLY
6bba_6ca87370,6bba,6bba,false,true,true,true,UNKNOWN_NOT_DOWNLOADED,ELIGIBLE_METADATA_SCHEMA_PRESENT,true,,102,358358550,21,14472,,,HOST_CONFIRMED_METADATA_ONLY
6bba_6db0e9b4,6bba,6bba,false,true,true,true,UNKNOWN_NOT_DOWNLOADED,ELIGIBLE_METADATA_SCHEMA_PRESENT,true,,102,489138420,21,10284,,,HOST_CONFIRMED_METADATA_ONLY
6bba_6feb10f0,6bba,6bba,false,true,true,true,UNKNOWN_NOT_DOWNLOADED,ELIGIBLE_METADATA_SCHEMA_PRESENT,true,,102,460151383,21,16563,,,HOST_CONFIRMED_METADATA_ONLY
6bba_6feeb0b1,6bba,6bba,false,true,true,true,UNKNOWN_NOT_DOWNLOADED,ELIGIBLE_METADATA_SCHEMA_PRESENT,true,,102,361653992,21,16407,,,HOST_CONFIRMED_METADATA_ONLY
6bba_705ec2c9,6bba,6bba,false,true,true,true,UNKNOWN_NOT_DOWNLOADED,ELIGIBLE_METADATA_SCHEMA_PRESENT,true,,102,318700700,21,11298,,,HOST_CONFIRMED_METADATA_ONLY
6bba_718b21f9,6bba,6bba,false,true,true,true,UNKNOWN_NOT_DOWNLOADED,ELIGIBLE_METADATA_SCHEMA_PRESENT,true,,102,343568373,21,11651,,,HOST_CONFIRMED_METADATA_ONLY
6bba_74686d6a,6bba,6bba,false,true,true,true,UNKNOWN_NOT_DOWNLOADED,ELIGIBLE_METADATA_SCHEMA_PRESENT,true,,102,490294349,21,11236,,,HOST_CONFIRMED_METADATA_ONLY
6bba_767a1e17,6bba,6bba,false,true,true,true,UNKNOWN_NOT_DOWNLOADED,ELIGIBLE_METADATA_SCHEMA_PRESENT,true,,102,524244316,21,11804,,,HOST_CONFIRMED_METADATA_ONLY
6bba_76db78c1,6bba,6bba,false,true,true,true,UNKNOWN_NOT_DOWNLOADED,ELIGIBLE_METADATA_SCHEMA_PRESENT,true,,102,353904769,21,11351,,,HOST_CONFIRMED_METADATA_ONLY
6bba_784a78c9,6bba,6bba,false,true,true,true,UNKNOWN_NOT_DOWNLOADED,ELIGIBLE_METADATA_SCHEMA_PRESENT,true,,102,400400318,21,19002,,,HOST_CONFIRMED_METADATA_ONLY
6bba_786893ac,6bba,6bba,false,true,true,true,UNKNOWN_NOT_DOWNLOADED,ELIGIBLE_METADATA_SCHEMA_PRESENT,true,,102,552881058,21,16870,,,HOST_CONFIRMED_METADATA_ONLY
6bba_789f8168,6bba,6bba,false,true,true,true,UNKNOWN_NOT_DOWNLOADED,ELIGIBLE_METADATA_SCHEMA_PRESENT,true,,102,362281690,21,12121,,,HOST_CONFIRMED_METADATA_ONLY
6bba_78a7bd97,6bba,6bba,false,true,true,true,UNKNOWN_NOT_DOWNLOADED,ELIGIBLE_METADATA_SCHEMA_PRESENT,true,,102,499339098,21,13219,,,HOST_CONFIRMED_METADATA_ONLY
6bba_7af54fde,6bba,6bba,false,true,true,true,UNKNOWN_NOT_DOWNLOADED,ELIGIBLE_METADATA_SCHEMA_PRESENT,true,,102,392961709,21,14694,,,HOST_CONFIRMED_METADATA_ONLY
6bba_7b5d3b2c,6bba,6bba,false,true,true,true,UNKNOWN_NOT_DOWNLOADED,ELIGIBLE_METADATA_SCHEMA_PRESENT,true,,102,404590757,21,10990,,,HOST_CONFIRMED_METADATA_ONLY
6bba_7d3058ae,6bba,6bba,false,true,true,true,UNKNOWN_NOT_DOWNLOADED,ELIGIBLE_METADATA_SCHEMA_PRESENT,true,,102,362091795,21,15120,,,HOST_CONFIRMED_METADATA_ONLY
6bba_7f87b3d8,6bba,6bba,false,true,true,true,UNKNOWN_NOT_DOWNLOADED,ELIGIBLE_METADATA_SCHEMA_PRESENT,true,,102,372621981,21,14040,,,HOST_CONFIRMED_METADATA_ONLY
6bba_80d12824,6bba,6bba,false,true,true,true,UNKNOWN_NOT_DOWNLOADED,ELIGIBLE_METADATA_SCHEMA_PRESENT,true,,102,376461447,21,11957,,,HOST_CONFIRMED_METADATA_ONLY
6bba_825bd1c6,6bba,6bba,false,true,true,true,UNKNOWN_NOT_DOWNLOADED,ELIGIBLE_METADATA_SCHEMA_PRESENT,true,,102,357347814,21,13693,,,HOST_CONFIRMED_METADATA_ONLY
6bba_87289e13,6bba,6bba,false,true,true,true,UNKNOWN_NOT_DOWNLOADED,ELIGIBLE_METADATA_SCHEMA_PRESENT,true,,102,402491165,21,12498,,,HOST_CONFIRMED_METADATA_ONLY
6bba_8b7818bf,6bba,6bba,false,true,true,true,UNKNOWN_NOT_DOWNLOADED,ELIGIBLE_METADATA_SCHEMA_PRESENT,true,,102,352063249,21,12352,,,HOST_CONFIRMED_METADATA_ONLY
6bba_907271db,6bba,6bba,false,true,true,true,UNKNOWN_NOT_DOWNLOADED,ELIGIBLE_METADATA_SCHEMA_PRESENT,true,,102,368257600,21,13654,,,HOST_CONFIRMED_METADATA_ONLY
6bba_91951b3a,6bba,6bba,false,true,true,true,UNKNOWN_NOT_DOWNLOADED,ELIGIBLE_METADATA_SCHEMA_PRESENT,true,,102,368011173,21,15220,,,HOST_CONFIRMED_METADATA_ONLY
6bba_96833384,6bba,6bba,false,true,true,true,UNKNOWN_NOT_DOWNLOADED,ELIGIBLE_METADATA_SCHEMA_PRESENT,true,,102,346392310,21,12364,,,HOST_CONFIRMED_METADATA_ONLY
6bba_969618f6,6bba,6bba,false,true,true,true,UNKNOWN_NOT_DOWNLOADED,ELIGIBLE_METADATA_SCHEMA_PRESENT,true,,102,387679675,21,12141,,,HOST_CONFIRMED_METADATA_ONLY
6bba_971fa5e0,6bba,6bba,false,true,true,true,UNKNOWN_NOT_DOWNLOADED,ELIGIBLE_METADATA_SCHEMA_PRESENT,true,,102,336233865,21,13038,,,HOST_CONFIRMED_METADATA_ONLY
6bba_9a41d029,6bba,6bba,false,true,true,true,UNKNOWN_NOT_DOWNLOADED,ELIGIBLE_METADATA_SCHEMA_PRESENT,true,,102,431928222,21,16498,,,HOST_CONFIRMED_METADATA_ONLY
6bba_9e23430b,6bba,6bba,false,true,true,true,UNKNOWN_NOT_DOWNLOADED,ELIGIBLE_METADATA_SCHEMA_PRESENT,true,,102,388850863,21,13345,,,HOST_CONFIRMED_METADATA_ONLY
6bba_a5e926bb,6bba,6bba,false,true,true,true,UNKNOWN_NOT_DOWNLOADED,ELIGIBLE_METADATA_SCHEMA_PRESENT,true,,102,368194143,21,12293,,,HOST_CONFIRMED_METADATA_ONLY
6bba_a90a0b9c,6bba,6bba,false,true,true,true,UNKNOWN_NOT_DOWNLOADED,ELIGIBLE_METADATA_SCHEMA_PRESENT,true,,102,506902329,21,15184,,,HOST_CONFIRMED_METADATA_ONLY
6bba_ab78413d,6bba,6bba,false,true,true,true,UNKNOWN_NOT_DOWNLOADED,ELIGIBLE_METADATA_SCHEMA_PRESENT,true,,102,457336768,21,15147,,,HOST_CONFIRMED_METADATA_ONLY
6bba_acd782a8,6bba,6bba,false,true,true,true,UNKNOWN_NOT_DOWNLOADED,ELIGIBLE_METADATA_SCHEMA_PRESENT,true,,102,390771704,21,9741,,,HOST_CONFIRMED_METADATA_ONLY
6bba_ae82a791,6bba,6bba,false,true,true,true,UNKNOWN_NOT_DOWNLOADED,ELIGIBLE_METADATA_SCHEMA_PRESENT,true,,102,358934010,21,17354,,,HOST_CONFIRMED_METADATA_ONLY
6bba_aeee7805,6bba,6bba,false,true,true,true,UNKNOWN_NOT_DOWNLOADED,ELIGIBLE_METADATA_SCHEMA_PRESENT,true,,102,351791970,21,12665,,,HOST_CONFIRMED_METADATA_ONLY
6bba_af149c94,6bba,6bba,false,true,true,true,UNKNOWN_NOT_DOWNLOADED,ELIGIBLE_METADATA_SCHEMA_PRESENT,true,,102,380294843,21,16185,,,HOST_CONFIRMED_METADATA_ONLY
6bba_afb141ff,6bba,6bba,false,true,true,true,UNKNOWN_NOT_DOWNLOADED,ELIGIBLE_METADATA_SCHEMA_PRESENT,true,,102,324198678,21,11714,,,HOST_CONFIRMED_METADATA_ONLY
6bba_b1ae37b9,6bba,6bba,false,true,true,true,UNKNOWN_NOT_DOWNLOADED,ELIGIBLE_METADATA_SCHEMA_PRESENT,true,,102,409019461,21,11208,,,HOST_CONFIRMED_METADATA_ONLY
6bba_b204cac7,6bba,6bba,false,true,true,true,UNKNOWN_NOT_DOWNLOADED,ELIGIBLE_METADATA_SCHEMA_PRESENT,true,,102,358384772,21,12580,,,HOST_CONFIRMED_METADATA_ONLY
6bba_b329af44,6bba,6bba,false,true,true,true,UNKNOWN_NOT_DOWNLOADED,ELIGIBLE_METADATA_SCHEMA_PRESENT,true,,102,539582471,21,15971,,,HOST_CONFIRMED_METADATA_ONLY
6bba_b693381b,6bba,6bba,false,true,true,true,UNKNOWN_NOT_DOWNLOADED,ELIGIBLE_METADATA_SCHEMA_PRESENT,true,,102,345372264,21,13794,,,HOST_CONFIRMED_METADATA_ONLY
6bba_bb9f20c3,6bba,6bba,false,true,true,true,UNKNOWN_NOT_DOWNLOADED,ELIGIBLE_METADATA_SCHEMA_PRESENT,true,,102,403401162,21,20060,,,HOST_CONFIRMED_METADATA_ONLY
6bba_bbb708ca,6bba,6bba,false,true,true,true,UNKNOWN_NOT_DOWNLOADED,ELIGIBLE_METADATA_SCHEMA_PRESENT,true,,102,338000432,21,13240,,,HOST_CONFIRMED_METADATA_ONLY
6bba_c27cba08,6bba,6bba,false,true,true,true,UNKNOWN_NOT_DOWNLOADED,ELIGIBLE_METADATA_SCHEMA_PRESENT,true,,102,344525471,21,10801,,,HOST_CONFIRMED_METADATA_ONLY
6bba_c328f2fd,6bba,6bba,false,true,true,true,UNKNOWN_NOT_DOWNLOADED,ELIGIBLE_METADATA_SCHEMA_PRESENT,true,,102,452924734,21,10781,,,HOST_CONFIRMED_METADATA_ONLY
6bba_c73a1d11,6bba,6bba,false,true,true,true,UNKNOWN_NOT_DOWNLOADED,ELIGIBLE_METADATA_SCHEMA_PRESENT,true,,102,414105331,21,12663,,,HOST_CONFIRMED_METADATA_ONLY
6bba_cdcfe533,6bba,6bba,false,true,true,true,UNKNOWN_NOT_DOWNLOADED,ELIGIBLE_METADATA_SCHEMA_PRESENT,true,,102,451182976,21,16485,,,HOST_CONFIRMED_METADATA_ONLY
6bba_cf35214c,6bba,6bba,false,true,true,true,UNKNOWN_NOT_DOWNLOADED,ELIGIBLE_METADATA_SCHEMA_PRESENT,true,,102,474042573,21,12928,,,HOST_CONFIRMED_METADATA_ONLY
6bba_cff5865f,6bba,6bba,false,true,true,true,UNKNOWN_NOT_DOWNLOADED,ELIGIBLE_METADATA_SCHEMA_PRESENT,true,,102,475497142,21,17874,,,HOST_CONFIRMED_METADATA_ONLY
6bba_d0fc38b5,6bba,6bba,false,true,true,true,UNKNOWN_NOT_DOWNLOADED,ELIGIBLE_METADATA_SCHEMA_PRESENT,true,,102,360975902,21,12838,,,HOST_CONFIRMED_METADATA_ONLY
6bba_d1acb6ff,6bba,6bba,false,true,true,true,UNKNOWN_NOT_DOWNLOADED,ELIGIBLE_METADATA_SCHEMA_PRESENT,true,,102,378615185,21,12171,,,HOST_CONFIRMED_METADATA_ONLY
6bba_d2b9fc0c,6bba,6bba,false,true,true,true,UNKNOWN_NOT_DOWNLOADED,ELIGIBLE_METADATA_SCHEMA_PRESENT,true,,102,404821996,21,13656,,,HOST_CONFIRMED_METADATA_ONLY
6bba_d3da753b,6bba,6bba,false,true,true,true,UNKNOWN_NOT_DOWNLOADED,ELIGIBLE_METADATA_SCHEMA_PRESENT,true,,102,382530438,21,13716,,,HOST_CONFIRMED_METADATA_ONLY
6bba_d5eae175,6bba,6bba,false,true,true,true,UNKNOWN_NOT_DOWNLOADED,ELIGIBLE_METADATA_SCHEMA_PRESENT,true,,102,339047376,21,10715,,,HOST_CONFIRMED_METADATA_ONLY
6bba_d6ecebbb,6bba,6bba,false,true,true,true,UNKNOWN_NOT_DOWNLOADED,ELIGIBLE_METADATA_SCHEMA_PRESENT,true,,102,335166055,21,13198,,,HOST_CONFIRMED_METADATA_ONLY
6bba_d82a4fc6,6bba,6bba,false,true,true,true,UNKNOWN_NOT_DOWNLOADED,ELIGIBLE_METADATA_SCHEMA_PRESENT,true,,102,467636822,21,11019,,,HOST_CONFIRMED_METADATA_ONLY
6bba_debd7bfa,6bba,6bba,false,true,true,true,UNKNOWN_NOT_DOWNLOADED,ELIGIBLE_METADATA_SCHEMA_PRESENT,true,,102,377180189,21,12752,,,HOST_CONFIRMED_METADATA_ONLY
6bba_df673a83,6bba,6bba,false,true,true,true,UNKNOWN_NOT_DOWNLOADED,ELIGIBLE_METADATA_SCHEMA_PRESENT,true,,102,404547713,21,11813,,,HOST_CONFIRMED_METADATA_ONLY
6bba_e16ffc58,6bba,6bba,false,true,true,true,UNKNOWN_NOT_DOWNLOADED,ELIGIBLE_METADATA_SCHEMA_PRESENT,true,,102,357648954,21,14074,,,HOST_CONFIRMED_METADATA_ONLY
6bba_e5e44988,6bba,6bba,false,true,true,true,UNKNOWN_NOT_DOWNLOADED,ELIGIBLE_METADATA_SCHEMA_PRESENT,true,,102,353738117,21,12118,,,HOST_CONFIRMED_METADATA_ONLY
6bba_ebdf3b34,6bba,6bba,false,true,true,true,UNKNOWN_NOT_DOWNLOADED,ELIGIBLE_METADATA_SCHEMA_PRESENT,true,,102,490572114,21,13110,,,HOST_CONFIRMED_METADATA_ONLY
6bba_ebff6e76,6bba,6bba,false,true,true,true,UNKNOWN_NOT_DOWNLOADED,ELIGIBLE_METADATA_SCHEMA_PRESENT,true,,102,505296099,21,16307,,,HOST_CONFIRMED_METADATA_ONLY
6bba_ed9377fd,6bba,6bba,false,true,true,true,UNKNOWN_NOT_DOWNLOADED,ELIGIBLE_METADATA_SCHEMA_PRESENT,true,,102,343487378,21,10938,,,HOST_CONFIRMED_METADATA_ONLY
6bba_edf14583,6bba,6bba,false,true,true,true,UNKNOWN_NOT_DOWNLOADED,ELIGIBLE_METADATA_SCHEMA_PRESENT,true,,102,524341000,21,12585,,,HOST_CONFIRMED_METADATA_ONLY
6bba_eebc57a5,6bba,6bba,false,true,true,true,UNKNOWN_NOT_DOWNLOADED,ELIGIBLE_METADATA_SCHEMA_PRESENT,true,,102,392719071,21,14089,,,HOST_CONFIRMED_METADATA_ONLY
6bba_ef7b4f7e,6bba,6bba,false,true,true,true,UNKNOWN_NOT_DOWNLOADED,ELIGIBLE_METADATA_SCHEMA_PRESENT,true,,102,348434711,21,15596,,,HOST_CONFIRMED_METADATA_ONLY
6bba_f17befbc,6bba,6bba,false,true,true,true,UNKNOWN_NOT_DOWNLOADED,ELIGIBLE_METADATA_SCHEMA_PRESENT,true,,102,421894253,21,14446,,,HOST_CONFIRMED_METADATA_ONLY
6bba_f1fde7e0,6bba,6bba,false,true,true,true,UNKNOWN_NOT_DOWNLOADED,ELIGIBLE_METADATA_SCHEMA_PRESENT,true,,102,353919079,21,10519,,,HOST_CONFIRMED_METADATA_ONLY
6bba_f20478e9,6bba,6bba,false,true,true,true,UNKNOWN_NOT_DOWNLOADED,ELIGIBLE_METADATA_SCHEMA_PRESENT,true,,102,352854964,21,14368,,,HOST_CONFIRMED_METADATA_ONLY
6bba_f4ae811c,6bba,6bba,false,true,true,true,UNKNOWN_NOT_DOWNLOADED,ELIGIBLE_METADATA_SCHEMA_PRESENT,true,,102,371013137,21,14049,,,HOST_CONFIRMED_METADATA_ONLY
6bba_f8ffd5e7,6bba,6bba,false,true,true,true,UNKNOWN_NOT_DOWNLOADED,ELIGIBLE_METADATA_SCHEMA_PRESENT,true,,102,468961181,21,10144,,,HOST_CONFIRMED_METADATA_ONLY
6bba_fbc898dc,6bba,6bba,false,true,true,true,UNKNOWN_NOT_DOWNLOADED,ELIGIBLE_METADATA_SCHEMA_PRESENT,true,,102,340236936,21,11669,,,HOST_CONFIRMED_METADATA_ONLY
6bba_fc516dc6,6bba,6bba,false,true,true,true,UNKNOWN_NOT_DOWNLOADED,ELIGIBLE_METADATA_SCHEMA_PRESENT,true,,102,371747462,21,12743,,,HOST_CONFIRMED_METADATA_ONLY
6bba_fc5f39dc,6bba,6bba,false,true,true,true,UNKNOWN_NOT_DOWNLOADED,ELIGIBLE_METADATA_SCHEMA_PRESENT,true,,102,378386783,21,10502,,,HOST_CONFIRMED_METADATA_ONLY
6bba_fc83837d,6bba,6bba,false,true,true,true,UNKNOWN_NOT_DOWNLOADED,ELIGIBLE_METADATA_SCHEMA_PRESENT,true,,102,400026564,21,14114,,,HOST_CONFIRMED_METADATA_ONLY
6bba_fe670320,6bba,6bba,false,true,true,true,UNKNOWN_NOT_DOWNLOADED,ELIGIBLE_METADATA_SCHEMA_PRESENT,true,,102,379179756,21,12040,,,HOST_CONFIRMED_METADATA_ONLY
