config,adjusted_edge_jaccard,division_jaccard,proxy_score,div_tp,div_fp,div_fn,missed_gt_nodes,spurious_pred_nodes,edges_recovered,edges_fragmented,edges_lost_to_detection,wrong_association_edges,n_samples,seconds,overrides
combo(tight55+relaxed9),0.9317399411109625,0.23076923076923078,0.9548168641878856,3,1,9,65,182965,5543,128,80,0,8,955.0927295684814,"{""MOTION_RELINK_RELAXED_UM"": 9.0, ""MOTION_RELINK_TIGHT_UM"": 5.5}"
tight55,0.9299116873147585,0.23076923076923078,0.9529886103916816,3,1,9,66,183030,5541,128,82,0,8,945.3443801403046,"{""MOTION_RELINK_TIGHT_UM"": 5.5}"
relaxed9,0.9288524252436922,0.23076923076923078,0.9519293483206153,3,1,9,65,182944,5537,134,80,0,8,941.5376977920532,"{""MOTION_RELINK_RELAXED_UM"": 9.0}"
bonus125,0.9278496753776431,0.23076923076923078,0.9509265984545662,3,1,9,65,183020,5538,133,80,0,8,935.483146905899,"{""MOTION_RELINK_LEARNED_BONUS"": 1.25}"
dcgap035,0.9275439911688071,0.23076923076923078,0.9506209142457303,3,1,9,65,182932,5537,134,80,0,8,946.4267611503601,"{""DEEPCENTER_GAP_THRESHOLD"": 0.35}"
gap45,0.9275394150981531,0.23076923076923078,0.9506163381750762,3,1,9,65,182962,5537,134,80,0,8,923.7321422100067,"{""GAP_CLOSE_UM"": 4.5}"
base,0.9275257196214214,0.23076923076923078,0.9506026426983445,3,1,9,65,183020,5537,134,80,0,8,946.0991070270538,{}
gap2step40,0.9275257196214214,0.23076923076923078,0.9506026426983445,3,1,9,65,183020,5537,134,80,0,8,931.5539708137512,"{""GAP2_MAX_STEP_UM"": 4.0}"
reuse28,0.9275257196214214,0.23076923076923078,0.9506026426983445,3,1,9,65,183020,5537,134,80,0,8,947.4676337242126,"{""GAP_CLOSE_REUSE_UM"": 2.8}"
